Workbook

Sheet Báo cáo CV
A1: STT | B1: TÊN | C1: VỊ TRÍ | D1: Duyệt CV | E1: Kinh nghiệm BĐS | F1: CV ứng viên
A2: 1 | B2: Nguyễn Huỳnh Phúc | C2: Content Marketing
A3: 2 | B3: Hồ Nguyễn Khánh Hà | C3: Content Marketing
A4: 3 | B4: Đinh Cù Khánh Đăng | C4: Content Marketing
A5: 4 | B5: Nguyễn Hoàng Trúc Anh | C5: Content Marketing | D5: Đạt | E5: Chưa có | F5: Link topcv
A6: 5 | B6: Huỳnh Ngô Mỹ Tiên | C6: Content Marketing
A7: 6 | B7: Ngô Thị Hoài Thương | C7: Content Marketing
A8: 7 | B8: Lê Minh Quân | C8: Content Marketing | D8: Đạt | E8: Chưa có | F8: Link topcv
A9: 8 | B9: Dương Nguyễn Kim Mỹ | C9: Content Marketing | D9: Đạt | E9: Chưa có | F9: Link topcv
A10: 9 | B10: Lê Thị Như Quỳnh | C10: Content Marketing
A11: 10 | B11: Phạm Thị Nhi | C11: Content Marketing
A12: 11 | B12: Đinh Châu Trân | C12: Content Marketing
A13: 12 | B13: Trương Thanh Tuấn | C13: Content Marketing | D13: Đạt | E13: Đã có KN | F13: Link topcv
A14: 13 | B14: Hoàng Thị Thùy Linh | C14: Content Marketing | D14: Đạt | E14: Chưa có | F14: Link topcv
A15: 14 | B15: Đặng Ngọc Trúc Anh | C15: Content Marketing | D15: Đạt | E15: Chưa có | F15: Link topcv
A16: 15 | B16: Nguyễn Thị Ngọc Diệp | C16: Content Marketing

Sheet Theo dõi lượt đăng bài
A1: BÁO CÁO THEO DÕI LƯỢT ĐĂNG BÀI TRÊN CÁC ỨNG DỤNG TUYỂN DỤNG
A2: STT | B2: Kênh | C2: Nhóm | D2: Đường link nhóm/bài đăng | E2: Ngày đăng | F2: Ngày duyệt | G2: Trạng thái | H2: Hình
A3: 1 | B3: Facebook | C3: THỰC TẬP SINH NĂM 3,4 - INTERNSHIP CÓ LƯƠNG | D3: https://www.facebook.com/share/g/qLNDsM4NbLGidpa3/ | E3: 15:55 20/08/2024 | G3: Chờ duyệt | H3: Mẫu 1
A4: 2 | B4: TopCV | D4: https://www.topcv.vn/viec-lam/thuc-tap-sinh/1446013.html | E4: 16:32 20/08/2024 | F4: 14:20 21/08/2024
A5: 3 | B5: Facebook | C5: TUYỂN DỤNG THỰC TẬP SINH HCM | D5: https://www.facebook.com/share/g/S1fYS7MYry6Bz6b7/ | E5: 8:15 21/08/2024 | G5: Bị xóa (không tìm ra nguyên nhân)
A6: 4 | B6: Facebook | C6: Internships & Jobs in Vietnam | Thực tập & Việc làm | D6: https://www.facebook.com/share/g/vQUs3B2EXsKKUoKs/ | E6: 8:54 21/08/2024 | F6: 8:54 21/08/2026 | H6: Mẫu 2
A7: 5 | B7: Facebook | C7: TUYỂN DỤNG THỰC TẬP SINH CÓ LƯƠNG | D7: https://www.facebook.com/share/g/pX9uzZbUe5SiNch2/ | E7: 8:45 22/08/2024 | F7: 8:45 22/08/2027 | H7: Mẫu 3
A8: 6 | B8: Facebook | C8: THỰC TẬP CÓ LƯƠNG - PART TIME - INTERNSHIP | D8: https://www.facebook.com/share/g/QjX2MsgodqX66VWk/ | E8: 9:28 26/08/2024 | G8: Bị từ chối | H8: Mẫu 1
A9: 7 | B9: Facebook | C9: THỰC TẬP SINH NĂM 3,4 - INTERNSHIP CÓ LƯƠNG | D9: https://www.facebook.com/share/g/qLNDsM4NbLGidpa3/ | E9: 8:15 27/08/2024 | G9: Chờ duyệt | H9: Mẫu 2
A10: 8 | B10: Facebook | C10: Internships & Jobs in Vietnam | Thực tập & Việc làm | D10: https://www.facebook.com/share/g/vQUs3B2EXsKKUoKs/ | E10: 9:22 28/08/2024 | F10: 9:22 28/08/2024 | H10: Mẫu 3
A11: 9 | B11: Facebook | C11: TUYỂN DỤNG THỰC TẬP SINH CÓ LƯƠNG | D11: https://www.facebook.com/share/g/pX9uzZbUe5SiNch2/ | E11: 8:31 04/09/2024 | F11: 8:31 04/09/2024 | H11: Mẫu2
A12: 10 | B12: Facebook | C12: THỰC TẬP SINH - CƠ HỘI VIỆC LÀM - TP.HCM | D12: https://www.facebook.com/share/g/3b1wCrffDnhxWoPP/ | E12: 8:53 05/09/2024 | F12: 8:53 05/09/2024 | H12: Mẫu 2
A13: 11 | B13: Facebook | C13: THỰC TẬP SINH NĂM 3,4 - INTERNSHIP CÓ LƯƠNG | D13: https://www.facebook.com/share/g/qLNDsM4NbLGidpa3/ | E13: 9:07 06/09/2024 | G13: Chờ duyệt | H13: Mẫu 4
A14: 12 | B14: Facebook | C14: THỰC TẬP CÓ LƯƠNG - PART TIME - INTERNSHIP | D14: https://www.facebook.com/share/g/QjX2MsgodqX66VWk/ | E14: 9:20 09/09/2024 | G14: Chờ duyệt | H14: Mẫu 2
A15: 13 | B15: Facebook | C15: TUYỂN DỤNG THỰC TẬP SINH NĂM CUỐI | D15: https://www.facebook.com/share/g/HKFpGScsRBQqxjUN/ | E15: 8:33 11/09/2024 | F15: 8:33 11/09/2024 | H15: Mẫu 5
A16: 14 | B16: Facebook | C16: Internships & Jobs in Vietnam | Thực tập & Việc làm | D16: https://www.facebook.com/share/g/vQUs3B2EXsKKUoKs/ | E16: 8:37 12/09/2024 | F16: 8:37 12/09/2024 | H16: Mẫu 5
A17: 15 | B17: Facebook | C17: TUYỂN DỤNG THỰC TẬP SINH NĂM CUỐI | D17: https://www.facebook.com/share/g/HKFpGScsRBQqxjUN/ | E17: 9:12 17/09/2024 | F17: 9:12 17/09/2024 | H17: Mẫu 5
A18: 16 | B18: Facebook | C18: Tuyển Dụng - Việc Làm - Sài Gòn | D18: https://www.facebook.com/share/g/7mn7hXHwLk67KwGr/ | E18: 8:11 18/09/2024 | F18: 8:11 18/09/2024 | H18: Mẫu 2
A19: 17 | B19: Facebook | C19: Tuyển Dụng - Tìm Việc Làm TP.HCM | D19: https://www.facebook.com/share/g/R1DLwHMF9WbPLhuy/ | E19: 8:35 19/09/2024 | F19: 8:35 19/09/2024 | H19: Mẫu 5
A20: 18 | B20: Facebook | C20: Thực Tập Sinh - Internship Có Lương - Việc Làm Mới Tốt Nghiệp | D20: https://www.facebook.com/share/g/2bRQmJLZootrh72L/ | E20: 08:38 24/09/2024 | F20: 08:38 24/09/2024 | H20: Mẫu 3
A21: 19 | B21: Facebook | C21: Tuyển Dụng Việc Làm TPHCM - Tìm Việc Làm TPHCM | D21: https://www.facebook.com/share/g/unqzbpGwif9bSheK/ | E21: 8:24 25/09/2024 | F21: 8:24 25/09/2024 | H21: Mẫu 4
A22: 20 | B22: Facebook | C22: TUYỂN DỤNG THỰC TẬP SINH NĂM CUỐI | D22: https://www.facebook.com/share/g/HKFpGScsRBQqxjUN/ | E22: 9:00 26/09/2024 | F22: 9:00 26/09/2024 | H22: Mẫu 8
A23: 21 | B23: Facebook | C23: THỰC TẬP DOANH NGHIỆP (CÓ LƯƠNG / DẤU MỘC) - SINH VIÊN NĂM CUỐI | D23: https://www.facebook.com/share/g/H7eMJV4iuxZaMShi/ | E23: 9:23 30/9/2024 | G23: Chờ duyệt | H23: Mẫu 4
A24: 22 | B24: Facebook | C24: THỰC TẬP CÓ LƯƠNG - PART TIME - INTERNSHIP | D24: https://www.facebook.com/share/g/euvbCh7TZAx5b5qm/ | E24: 9:59 01/10/2024 | G24: Chờ duyệt | H24: Mẫu 2
A25: 23 | B25: Facebook | C25: Thực Tập Sinh - Internship Có Lương - Việc Làm Mới Tốt Nghiệp | D25: https://www.facebook.com/share/g/2bRQmJLZootrh72L/ | E25: 9:19 02/10/2024 | F25: 9:19 02/10/2024 | H25: Mẫu7
A26: 24 | B26: Facebook | C26: Tuyển dụng sinh viên thực tập năm cuối | D26: https://www.facebook.com/share/g/4rjXQXqjFzAhqkVJ/ | E26: 8:29 03/10/2024 | F26: 8:29 03/10/2024
A27: 25 | B27: Facebook | C27: Thực Tập Sinh - Cơ Hội Việc Làm | D27: https://www.facebook.com/share/g/8XMKUV26bTNcscFJ/ | E27: 11:00 11/10/2024 | F27: 11:00 11/10/2024 | H27: Mẫu 2
A28: 26 | B28: Facebook | C28: JOB - THỰC TẬP SINH NHÂN SỰ (Miền Nam) | D28: https://www.facebook.com/share/g/Khj6R8mt66tMcC1j/ | E28: 10:12 14/10/2024 | G28: Chờ duyệt | H28: Mẫu 11
A29: 27 | B29: Facebook | C29: Tuyển Dụng Sinh Siên Thực Tập Năm Cuối | D29: https://www.facebook.com/share/g/QHq7Stpst9YS5v6r/ | E29: 13:14 15/10/2024 | F29: 13:14 15/10/2025 | H29: Mẫu 13
A30: 28 | B30: Facebook | C30: TUYỂN DỤNG SINH VIÊN THỰC TẬP NĂM CUỐI | D30: https://www.facebook.com/share/g/HKFpGScsRBQqxjUN/ | E30: 8:43 16/10/2024 | F30: 8:43 16/10/2024 | H30: Mẫu 9
A31: 29 | B31: Facebook | C31: VIỆC LÀM THỰC TẬP SINH - SINH VIÊN MỚI TỐT NGHIỆP | D31: https://www.facebook.com/share/g/GdctKfBhZHuDUbWe/ | E31: 8:45 22/10/2024 | F31: 8:45 22/10/2024 | H31: Mẫu 13
A32: 30 | B32: Facebook | C32: Tuyển dụng sinh viên thực tập năm cuối | D32: https://www.facebook.com/share/g/4tfHNkWwdPmHYNif/ | E32: 8:24 23/10/2024 | F32: 8:24 23/10/2024 | H32: Mẫu 18
A33: 31 | B33: Facebook | C33: THỰC TẬP CÓ LƯƠNG - PART TIME - INTERNSHIP | D33: https://www.facebook.com/share/g/euvbCh7TZAx5b5qm/ | E33: 8:19 24/10/2024 | G33: Chờ duyệt | H33: Mẫu 13
A34: 32 | B34: Facebook | C34: TUYỂN DỤNG SINH VIÊN THỰC TẬP NĂM CUỐI | D34: https://www.facebook.com/share/g/15AsTEiWNt/ | E34: 13:47 12/11/2024 | F34: 13:47 12/11/2024 | H34: Mẫu 16
A35: 33 | B35: Facebook | C35: TUYỂN DỤNG THỰC TẬP SINH CÓ LƯƠNG | D35: https://www.facebook.com/share/g/1DSD6GyUiP/ | E35: 8:42 19/11/2024 | F35: 8:42 19/11/2024 | H35: Mẫu 16
A36: 34 | B36: Facebook | C36: TUYỂN DỤNG SINH VIÊN MỚI RA TRƯỜNG, THỰC TẬP SINH | D36: https://www.facebook.com/share/g/15fMKje3kG/ | E36: 8:27 20/11/2024 | F36: 8:27 20/11/2024 | H36: Mẫu 18
A37: 35 | B37: Facebook | C37: Tuyển dụng sinh viên thực tập năm cuối | D37: https://www.facebook.com/share/g/18MPQTfLpp/ | E37: 8:23 21/11/2024 | F37: 8:23 21/11/2024 | H37: Mẫu 15
A38: 11 | B38: Facebook | C38: THỰC TẬP SINH NĂM 3, 4 - INTERNSHIP CÓ LƯƠNG | D38: https://www.facebook.com/share/g/1Df3GkvsZv/ | E38: 8:16 22/11/2024 | G38: Chờ duyệt | H38: Mẫu 4
A39: 36 | B39: Facebook | C39: Jobs & Internship in Ho Chi Minh City | D39: https://www.facebook.com/share/g/1WcVrwExLM/ | E39: 9:08 27/11/2024 | G39: Chờ duyệt | H39: Mẫu 10
A40: 37 | B40: Facebook | C40: THỰC TẬP SINH - CƠ HỘI VIỆC LÀM - TP.HCM | D40: https://www.facebook.com/share/g/17d5VaMiG9/ | E40: 10:56 28/11/2024 | F40: 10:56 28/11/2024 | H40: Mẫu 16
A41: 38 | B41: Facebook | C41: Thực Tập Sinh - Internship Có Lương - Việc Làm Mới Tốt Nghiệp | D41: https://www.facebook.com/share/g/17y5adeyNC/ | E41: 9:33 29/11/2024 | F41: 9:33 29/11/2024 | H41: Mẫu 14
A42: 39 | B42: Facebook | C42: Thực Tập Sinh - Cơ Hội Việc Làm | D42: https://www.facebook.com/share/g/19gs2QnJdP/ | E42: 9:27 30/11/2024 | F42: 9:27 30/11/2024 | H42: Mẫu 14
A43: 40 | B43: Facebook | C43: TUYỂN DỤNG THỰC TẬP SINH NĂM CUỐI | D43: https://www.facebook.com/share/g/19fKHCqJFV/ | E43: 8:54 02/12/2024 | F43: 8:54 02/12/2024 | H43: Mẫu 14
A44: 41 | B44: Facebook | C44: VIỆC LÀM THỰC TẬP SINH - SINH VIÊN MỚI TỐT NGHIỆP | D44: https://www.facebook.com/share/g/1UMP1YS9H3/ | E44: 8:44 03/12/2024 | F44: 8:44 03/12/2024 | H44: Mẫu 19
A45: 42 | B45: Facebook | C45: TUYỂN DỤNG THỰC TẬP SINH CÓ LƯƠNG | D45: https://www.facebook.com/share/g/1ETDPs6sut/ | E45: 8:07 04/12/2024 | F45: 8:07 04/12/2024 | H45: Mẫu 19
A46: 43 | B46: Facebook | C46: Tuyển dụng Sinh viên thực tập năm cuối | D46: https://www.facebook.com/share/g/1FmsbSLjHA/ | E46: 9:24 05/12/2024 | F46: 9:24 05/12/2024 | H46: Mẫu 19
A47: 44 | B47: Facebook | C47: TUYỂN DỤNG SINH VIÊN MỚI RA TRƯỜNG, THỰC TẬP SINH | D47: https://www.facebook.com/share/g/19fuy64P8f/ | E47: 9:25 06/12/2024 | G47: Chờ duyệt | H47: Mẫu Pickleball
A48: 45 | B48: Facebook | C48: Đây - Job xịn - TPHCM | D48: https://www.facebook.com/share/g/15bAsPtwfE/ | E48: 8:14 07/12/2024 | G48: Chờ duyệt | H48: Mẫu Pickleball
A49: 46 | B49: Facebook | C49: HỘI SINH VIÊN MỚI RA TRƯỜNG TÌM VIỆC | D49: https://www.facebook.com/share/g/19UpcBXtbJ/ | E49: 9:07 09/12/2024 | F49: 9:07 09/12/2024 | H49: Mẫu Pickleball
A50: 47 | B50: Facebook | C50: Tuyển dụng Gen Z - Việc làm Sinh viên (TP.HCM) | D50: https://www.facebook.com/share/g/1JnZaHuETr/ | E50: 9:04 10/12/2024 | F50: 9:04 10/12/2024 | H50: Mẫu 20
A51: 48 | B51: Facebook | C51: Việc Làm Sinh Viên Part Time - Full Time TP.HCM | D51: https://www.facebook.com/share/g/15uBE2AREY/ | E51: 8:59 11/12/2024 | F51: 8:59 11/12/2024 | H51: Mẫu Pickleball
A52: 49 | B52: Facebook | C52: VIỆC LÀM THÊM SINH VIÊN | D52: https://www.facebook.com/share/g/14Tm5Fn7Zy/ | E52: 9:34 12/12/2024 | F52: 9:34 12/12/2024 | H52: Mẫu Pickleball
A53: 50 | B53: Facebook | C53: Việc làm Sinh viên Đại học Ngoại Ngữ Tin Học TP HCM - HUFLIT Student Jobs | D53: https://www.facebook.com/share/g/15WVdQ9gEm/ | E53: 9:21 13/12/2024 | F53: 9:21 13/12/2024 | H53: Mẫu 21
A54: 51 | B54: Facebook | C54: Việc Làm Sinh Viên TPHCM | D54: https://www.facebook.com/share/g/1BGZ9BgxRG/ | E54: 8:52 14/12/2024 | F54: 8:52 14/12/2024 | H54: Mẫu 21
A55: 52 | B55: Facebook | C55: Việc Làm Sinh Viên Sài Gòn | D55: https://www.facebook.com/share/g/15ixaR8VtH/ | E55: 9:27 16/12/2024 | F55: 9:27 16/12/2024 | H55: Mẫu 21
A56: 53 | B56: Facebook | C56: ✅ Việc Làm Tìm Sinh Viên - TPHCM | D56: https://www.facebook.com/share/g/14ZPpXEdrQ/ | E56: 9:48 17/12/2024 | F56: 9:48 17/12/2024 | H56: Mẫu 22
A57: 54 | B57: Facebook | C57: HỘI SINH VIÊN MỚI RA TRƯỜNG TÌM VIỆC | D57: https://www.facebook.com/share/g/1DpYcY5BtD/ | E57: 9:31 18/12/2024 | F57: 9:31 18/12/2024 | H57: Mẫu 22
A58: 55 | B58: Facebook | C58: Việc làm Sinh Viên SG (Part Time - Full Time) | D58: https://www.facebook.com/share/g/15W88fAnTh/ | E58: 9:47 19/12/2024 | G58: Chờ duyệt | H58: Mẫu 22
A59: 56 | B59: Facebook | C59: Việc Làm Sinh Viên | D59: https://www.facebook.com/groups/408813058688578/ | E59: 9:20 20/12/2024 | F59: 9:20 20/12/2024 | H59: Mẫu 23
A60: 57 | B60: Facebook | C60: VIỆC LÀM SINH VIÊN TP.HCM | D60: https://www.facebook.com/share/g/1PNGLjB5Nu/ | E60: 8:58 21/12/2024 | F60: 8:58 21/12/2024 | H60: Mẫu 23
A61: 58 | B61: Facebook
A62: 59 | B62: Facebook
A63: 60 | B63: Facebook
A64: 61 | B64: Facebook
A65: 62 | B65: Facebook
A66: 63 | B66: Facebook
A67: 64 | B67: Facebook
A68: 65 | B68: Facebook
A69: 66 | B69: Facebook
A70: 67 | B70: Facebook
A71: 68 | B71: Facebook
A72: 69 | B72: Facebook
A73: 70 | B73: Facebook
A74: 71
A76: 1 | B76: Facebook | C76: Tuyển dụng nhân viên bán hàng, sales, tư vấn, kinh doanh TP HỒ CHÍ MINH | D76: https://www.facebook.com/share/g/EHVZ5Uvx4HDHqfMo/ | E76: 10:50 30/10/2024 | F76: 10:50 30/10/2025 | H76: Mẫu 1
A77: 2 | B77: Facebook | C77: Tuyển Dụng Nhân Viên Kinh Doanh Marketing Sale | D77: https://www.facebook.com/share/g/jgkV8y4EBUweWJqw/ | E77: 8:22 31/10/2024 | F77: 8:22 31/10/2024 | H77: Mẫu 1
A78: 3 | B78: Facebook | C78: TUYỂN DỤNG NHÂN VIÊN KINH DOANH | D78: https://www.facebook.com/share/g/4HwkwTswZjcx5h4G/ | E78: 9:03 04/11/2024 | F78: 9:03 04/11/2024 | H78: Mẫu 2
A79: 4 | B79: Facebook | C79: TUYỂN DỤNG NHÂN VIÊN KINH DOANH | D79: https://www.facebook.com/share/g/yL48ptFV7SyW3uwd/ | E79: 8:29 05/11/2024 | F79: 8:29 05/11/2024 | H79: Mẫu 2
A80: 5 | B80: Facebook | C80: Tuyển Dụng Việc Làm Kinh Doanh, Sale, Tài Chính, Bảo Hiểm - Hồ Chí Minh | D80: https://www.facebook.com/share/g/Z8bR118Nb38bexF3/ | E80: 8:17 06/11/2024 | G80: Chờ duyệt | H80: Mẫu 3
A81: 6 | B81: Facebook | C81: VIỆC LÀM - TUYỂN DỤNG - NHÂN VIÊN KINH DOANH TP.HCM | D81: https://www.facebook.com/share/g/19ZSUxbmPj/ | E81: 8:42 11/11/2024 | G81: Chờ duyệt | H81: Mẫu 3
A82: 7 | B82: Facebook | C82: Tuyển Dụng Nhân Viên Kinh Doanh Marketing Sale | D82: https://www.facebook.com/share/g/187qrW2e6V/ | E82: 8:13 12/11/2024 | F82: 8:13 12/11/2024 | H82: Mẫu 3
A83: 8 | B83: Facebook | C83: Tuyển dụng Nhân viên kinh doanh CSKH Telesale | D83: https://www.facebook.com/share/g/17Ex2piqSD/ | E83: 8:38 19/11/2024 | F83: 8:38 19/11/2024 | H83: Mẫu 4
A84: 9 | B84: Facebook | C84: Tuyển Dụng Tìm Việc Nhân Viên Kinh Doanh Phát Triển Thị Trường | D84: https://www.facebook.com/share/g/1CwhEF9TXV/ | E84: 8:23 20/11/2024 | F84: 8:23 20/11/2024 | H84: Mẫu 2
A85: 10 | B85: Facebook | C85: TUYỂN DỤNG VIỆC LÀM NHÂN VIÊN KINH DOANH - TELESALE | D85: https://www.facebook.com/share/g/1KmNFAoU3R/ | E85: 8:20 21/11/2024 | F85: 8:20 21/11/2024 | H85: Mẫu 3
A86: 12 | B86: Facebook | C86: Tuyển Dụng Nhân Viên Kinh Doanh Marketing Sale | D86: https://www.facebook.com/share/g/19R8Gngvja/ | E86: 8:20 22/11/2024 | F86: 8:20 22/11/2024 | H86: Mẫu 1
A87: 3 | B87: Facebook | C87: TUYỂN DỤNG NHÂN VIÊN KINH DOANH | D87: https://www.facebook.com/share/g/4HwkwTswZjcx5h4G/ | E87: 9:05 27/11/2024 | F87: 9:05 27/11/2024 | H87: Mẫu 3
A88: 14 | B88: Facebook | C88: Việc Làm Sale, Nhân viên kinh doanh phát triển thị trường toàn quốc | D88: https://www.facebook.com/share/g/15BcPWkSQq/ | E88: 10:46 28/11/2024 | F88: 10:46 28/11/2024 | H88: Mẫu 4
A89: 15 | B89: Facebook | C89: TUYỂN DỤNG SALE - BÁN HÀNG - NHÂN VIÊN KINH DOANH - TELESALE ✅ | D89: https://www.facebook.com/share/g/14rhs1Uonq/ | E89: 9:30 29/11/2024 | F89: 9:30 29/11/2024 | H89: Mẫu 3
A90: 16 | B90: Facebook | C90: TUYỂN DỤNG NHÂN VIÊN KINH DOANH 2024 | D90: https://www.facebook.com/share/g/1DPeVirReo/ | E90: 9:29 30/11/2024 | F90: 9:29 30/11/2024 | H90: Mẫu 5
A91: 17 | B91: Facebook | C91: Tuyển Nhân Viên Kinh Doanh | D91: https://www.facebook.com/share/g/15cJXzwg2Z/ | E91: 8:51 02/12/2024 | F91: 8:51 02/12/2024 | H91: Mẫu 7
A92: 18 | B92: Facebook | C92: Việc làm - Nhân viên Kinh doanh | D92: https://www.facebook.com/share/g/19ikqmUFrz/ | E92: 8:46 03/12/2024 | F92: 8:46 03/12/2024 | H92: Mẫu 6
A93: 19 | B93: Facebook | C93: VIỆC LÀM Nhân viên kinh doanh/Sales/Leader Sales CHẤT LƯỢNG | D93: https://www.facebook.com/share/g/1EQtgVFQcQ/ | E93: 8:09 04/12/2024 | F93: 8:09 04/12/2024 | H93: Mẫu 6
A94: 20 | B94: Facebook | C94: TUYỂN DỤNG VIỆC LÀM NHÂN VIÊN KINH DOANH - TELESALE | D94: https://www.facebook.com/share/g/1Nnd7p7Su4/ | E94: 9:19 05/12/2024 | F94: 9:19 05/12/2024 | H94: Mẫu 8
A95: 21 | B95: Facebook | C95: HR - TUYỂN DỤNG NHÂN SỰ | D95: https://www.facebook.com/share/g/14w1RBtuEP/ | E95: 9:29 06/12/2024 | G95: Gỡ | H95: Mẫu 8
A96: 22 | B96: Facebook | C96: TUYỂN DỤNG VIỆC LÀM NHÂN VIÊN KINH DOANH - TELESALE | D96: https://www.facebook.com/share/g/15uTnt1Udp/ | E96: 8:17 07/12/2024 | F96: 8:17 07/12/2024 | H96: Mẫu 8
A97: 23 | B97: Facebook | C97: Tuyển Dụng Nhân Viên Kinh Doanh, Sales, Giám Sát, Marketing. | D97: https://www.facebook.com/share/g/1XU5RmxJxU/ | E97: 9:03 09/12/2024 | F97: 9:03 09/12/2024 | H97: Mẫu 23
A98: 24 | B98: Facebook | C98: TUYỂN DỤNG NHÂN VIÊN VĂN PHÒNG HCNS, SALE, NVKD, CSKH, MARKETING... | D98: https://www.facebook.com/share/g/1AsZTGy4Eu/ | E98: 9:07 10/12/2024 | F98: 9:07 10/12/2024 | H98: Mẫu 23
A99: 25 | B99: Facebook | C99: Hội Sale/ Nhân viên kinh doanh/ Tư vấn/ Bán hàng tìm việc | D99: https://www.facebook.com/groups/1681574225467582/ | E99: 9:02 11/12/2024 | F99: 9:02 11/12/2024 | H99: Mẫu 23
A100: 26 | B100: Facebook | C100: Việc Làm Sales Telesales Nhân Viên Kinh Doanh | D100: https://www.facebook.com/share/g/15YmT1vCZM/ | E100: 9:28 12/12/2024 | F100: 9:28 12/12/2024 | H100: Mẫu 20
A101: 27 | B101: Facebook | C101: TUYỂN DỤNG NHÂN VIÊN KINH DOANH ✅ | D101: https://www.facebook.com/share/g/17xtYndYVj/ | E101: 9:16 13/12/2024 | F101: 9:16 13/12/2024 | H101: Mẫu 20
...

Sheet Tuần
A2: MẪU BÁO CÁO TUYỂN DỤNG TTS KD THEO THỜI GIAN TỪ 19/8/2024 ĐẾN 04/01/2025
A4: Nguồn | B4: Số hồ sơ nhận được | C4: Số hồ sơ đạt yêu cầu | D4: Số lượng tham gia PV | E4: Số lượng đạt PV | F4: Số lượng nhận việc | G4: Số lượng làm chính thức
A5: Tuần 1: Từ 19/8 đến 24/8
A6: TopCV | B6: 6 | C6: 4 | D6: 2 | E6: 2 | F6: 0 | G6: 0
A7: Facebook | B7: 0 | C7: 0 | D7: 0 | E7: 0 | F7: 0 | G7: 0
A8: Tổng số | B8: =SUM(B6:B7) -> 6 | C8: =SUM(C5:C7) -> 4 | D8: =SUM(D6:D7) -> 2 | E8: =SUM(E5:E7) -> 2 | F8: 0 | G8: 0
A9: Tuần 2: Từ 26/8 đến 31/8
A10: TopCV | B10: =sum('T82024 BC ngày'!B18,'T82024 BC ngày'!B22,'T82024 BC ngày'!B26) -> 11 | C10: =sum('T82024 BC ngày'!C18,'T82024 BC ngày'!C22,'T82024 BC ngày'!C26) -> 9 | D10: =sum('T82024 BC ngày'!D18,'T82024 BC ngày'!D22,'T82024 BC ngày'!D26) -> 5 | E10: =sum('T82024 BC ngày'!E18,'T82024 BC ngày'!E22,'T82024 BC ngày'!E26) -> 5 | F10: 3 | G10: 0
A11: Facebook | B11: 1 | C11: 1 | D11: 0 | E11: 0 | F11: 0 | G11: 0
A12: Tổng số | B12: =SUM(B10:B11) -> 12 | C12: =SUM(C9:C11) -> 10 | D12: =SUM(D10:D11) -> 5 | E12: =SUM(E9:E11) -> 5 | F12: =SUM(F10:F11) -> 3 | G12: 0
A13: Tuần 3: Từ 02/9 đến 07/9
A14: TopCV | B14: =SUM('T92024 BC ngày'!B6,'T92024 BC ngày'!B10,'T92024 BC ngày'!B14) -> 16 | C14: =SUM('T92024 BC ngày'!C6,'T92024 BC ngày'!C10,'T92024 BC ngày'!C14,) -> 12 | D14: =SUM('T92024 BC ngày'!D6,'T92024 BC ngày'!D10,'T92024 BC ngày'!D14,) -> 4 | E14: =SUM('T92024 BC ngày'!E6,'T92024 BC ngày'!E10,'T92024 BC ngày'!E14) -> 3 | F14: =SUM('T92024 BC ngày'!F6,'T92024 BC ngày'!F10,'T92024 BC ngày'!F14,) -> 4 | G14: =SUM('T92024 BC ngày'!G6,'T92024 BC ngày'!G10,'T92024 BC ngày'!G14) -> 3
A15: Facebook | B15: 0 | C15: 0 | D15: 0 | E15: 0 | F15: 0 | G15: =SUM('T92024 BC ngày'!G7,'T92024 BC ngày'!G11,'T92024 BC ngày'!G15) -> 0
A16: Tổng số | B16: 0 | C16: =SUM(C13:C15) -> 12 | D16: 0 | E16: =SUM(E13:E15) -> 3 | F16: =SUM(F14:F15) -> 4 | G16: =SUM(G14:G15) -> 3
A17: Tuần 4: Từ 09/9 đến 14/9
A18: TopCV | B18: =SUM('T92024 BC ngày'!B18,'T92024 BC ngày'!B22,'T92024 BC ngày'!B26) -> 18 | C18: =SUM('T92024 BC ngày'!C18,'T92024 BC ngày'!C22,'T92024 BC ngày'!C26) -> 15 | D18: =SUM('T92024 BC ngày'!D18,'T92024 BC ngày'!D22,'T92024 BC ngày'!D26) -> 3 | E18: =SUM('T92024 BC ngày'!E18,'T92024 BC ngày'!E22,'T92024 BC ngày'!E26) -> 3 | F18: =SUM('T92024 BC ngày'!F18,'T92024 BC ngày'!F22,'T92024 BC ngày'!F26) -> 4 | G18: =SUM('T92024 BC ngày'!G18,'T92024 BC ngày'!G22,'T92024 BC ngày'!G26) -> 4
A19: Facebook | B19: =SUM('T92024 BC ngày'!B19,'T92024 BC ngày'!B23,'T92024 BC ngày'!B27) -> 5 | C19: =SUM('T92024 BC ngày'!C19,'T92024 BC ngày'!C23,'T92024 BC ngày'!C27) -> 5 | D19: =SUM('T92024 BC ngày'!D19,'T92024 BC ngày'!D23,'T92024 BC ngày'!D27) -> 0 | E19: =SUM('T92024 BC ngày'!E19,'T92024 BC ngày'!E23,'T92024 BC ngày'!E27) -> 0 | F19: =SUM('T92024 BC ngày'!F19,'T92024 BC ngày'!F23,'T92024 BC ngày'!F27) -> 0 | G19: =SUM('T92024 BC ngày'!G19,'T92024 BC ngày'!G23,'T92024 BC ngày'!G27) -> 0
A20: Tổng số | B20: =SUM(B18:B19) -> 23 | C20: =SUM(C17:C19) -> 20 | D20: =SUM(D18:D19) -> 3 | E20: =SUM(E18:E19) -> 3 | F20: =SUM(F18:F19) -> 4 | G20: =SUM(G18:G19) -> 4
A21: Tuần 5: Từ 16/9 đến 21/9
A22: TopCV | B22: ='T92024 BC ngày'!B30+'T92024 BC ngày'!B34+'T92024 BC ngày'!B38 -> 22 | C22: ='T92024 BC ngày'!C30+'T92024 BC ngày'!C34+'T92024 BC ngày'!C38 -> 16 | D22: ='T92024 BC ngày'!D30+'T92024 BC ngày'!D34+'T92024 BC ngày'!D38 -> 6 | E22: ='T92024 BC ngày'!E30+'T92024 BC ngày'!E34+'T92024 BC ngày'!E38 -> 5 | F22: ='T92024 BC ngày'!F30+'T92024 BC ngày'!F34+'T92024 BC ngày'!F38 -> 3 | G22: ='T92024 BC ngày'!G30+'T92024 BC ngày'!G34+'T92024 BC ngày'!G38 -> 3
A23: Facebook | B23: ='T92024 BC ngày'!B31+'T92024 BC ngày'!B35+'T92024 BC ngày'!B39 -> 0 | C23: ='T92024 BC ngày'!C31+'T92024 BC ngày'!C35+'T92024 BC ngày'!C39 -> 0 | D23: ='T92024 BC ngày'!D31+'T92024 BC ngày'!D35+'T92024 BC ngày'!D39 -> 0 | E23: ='T92024 BC ngày'!E31+'T92024 BC ngày'!E35+'T92024 BC ngày'!E39 -> 0 | F23: ='T92024 BC ngày'!F31+'T92024 BC ngày'!F35+'T92024 BC ngày'!F39 -> 0 | G23: ='T92024 BC ngày'!G31+'T92024 BC ngày'!G35+'T92024 BC ngày'!G39 -> 0
A24: Tổng số | B24: ='T92024 BC ngày'!B32+'T92024 BC ngày'!B36+'T92024 BC ngày'!B40 -> 22 | C24: ='T92024 BC ngày'!C32+'T92024 BC ngày'!C36+'T92024 BC ngày'!C40 -> 16 | D24: ='T92024 BC ngày'!D32+'T92024 BC ngày'!D36+'T92024 BC ngày'!D40 -> 6 | E24: ='T92024 BC ngày'!E32+'T92024 BC ngày'!E36+'T92024 BC ngày'!E40 -> 5 | F24: ='T92024 BC ngày'!F32+'T92024 BC ngày'!F36+'T92024 BC ngày'!F40 -> 3 | G24: ='T92024 BC ngày'!G32+'T92024 BC ngày'!G36+'T92024 BC ngày'!G40 -> 3
A25: Tuần 6: Từ 23/9 đến 28/9
A26: TopCV | B26: =SUM('T92024 BC ngày'!B42,'T92024 BC ngày'!B46,'T92024 BC ngày'!B50) -> 9 | C26: =SUM('T92024 BC ngày'!C42,'T92024 BC ngày'!C46,'T92024 BC ngày'!C50) -> 7 | D26: =SUM('T92024 BC ngày'!D42,'T92024 BC ngày'!D46,'T92024 BC ngày'!D50) -> 5 | E26: =SUM('T92024 BC ngày'!E42,'T92024 BC ngày'!E46,'T92024 BC ngày'!E50) -> 4 | F26: =SUM('T92024 BC ngày'!F42,'T92024 BC ngày'!F46,'T92024 BC ngày'!F50) -> 3 | G26: =SUM('T92024 BC ngày'!G42,'T92024 BC ngày'!G46,'T92024 BC ngày'!G50) -> 3
A27: Facebook | B27: =SUM('T92024 BC ngày'!B43,'T92024 BC ngày'!B47,'T92024 BC ngày'!B51) -> 7 | C27: =SUM('T92024 BC ngày'!C43,'T92024 BC ngày'!C47,'T92024 BC ngày'!C51) -> 6 | D27: =SUM('T92024 BC ngày'!D43,'T92024 BC ngày'!D47,'T92024 BC ngày'!D51) -> 0 | E27: =SUM('T92024 BC ngày'!E43,'T92024 BC ngày'!E47,'T92024 BC ngày'!E51) -> 0 | F27: =SUM('T92024 BC ngày'!F43,'T92024 BC ngày'!F47,'T92024 BC ngày'!F51) -> 0 | G27: =SUM('T92024 BC ngày'!G43,'T92024 BC ngày'!G47,'T92024 BC ngày'!G51) -> 0
A28: Tổng số | B28: =SUM('T92024 BC ngày'!B44,'T92024 BC ngày'!B48,'T92024 BC ngày'!B52) -> 16 | C28: =SUM('T92024 BC ngày'!C44,'T92024 BC ngày'!C48,'T92024 BC ngày'!C52) -> 13 | D28: =SUM('T92024 BC ngày'!D44,'T92024 BC ngày'!D48,'T92024 BC ngày'!D52) -> 5 | E28: =SUM('T92024 BC ngày'!E44,'T92024 BC ngày'!E48,'T92024 BC ngày'!E52) -> 4 | F28: =SUM('T92024 BC ngày'!F44,'T92024 BC ngày'!F48,'T92024 BC ngày'!F52) -> 3 | G28: =SUM('T92024 BC ngày'!G44,'T92024 BC ngày'!G48,'T92024 BC ngày'!G52) -> 3
A29: Tuần 7: Từ 30/9 đến 05/10
A30: TopCV | B30: =SUM('T102024 BC ngày'!B6,'T102024 BC ngày'!B10,'T102024 BC ngày'!B14,'T102024 BC ngày'!B18) -> 15 | C30: =SUM('T102024 BC ngày'!C6,'T102024 BC ngày'!C10,'T102024 BC ngày'!C14,'T102024 BC ngày'!C18) -> 13 | D30: =SUM('T102024 BC ngày'!D6,'T102024 BC ngày'!D10,'T102024 BC ngày'!D14,'T102024 BC ngày'!D18) -> 1 | E30: =SUM('T102024 BC ngày'!E6,'T102024 BC ngày'!E10,'T102024 BC ngày'!E14,'T102024 BC ngày'!E18) -> 0 | F30: =SUM('T102024 BC ngày'!F6,'T102024 BC ngày'!F10,'T102024 BC ngày'!F14,'T102024 BC ngày'!F18) -> 3 | G30: =SUM('T102024 BC ngày'!G6,'T102024 BC ngày'!G10,'T102024 BC ngày'!G14,'T102024 BC ngày'!G18) -> 2
A31: Facebook | B31: =SUM('T102024 BC ngày'!B7,'T102024 BC ngày'!B11,'T102024 BC ngày'!B15,'T102024 BC ngày'!B19) -> 1 | C31: =SUM('T102024 BC ngày'!C7,'T102024 BC ngày'!C11,'T102024 BC ngày'!C15,'T102024 BC ngày'!C19) -> 1 | D31: =SUM('T102024 BC ngày'!D7,'T102024 BC ngày'!D11,'T102024 BC ngày'!D15,'T102024 BC ngày'!D19) -> 0 | E31: =SUM('T102024 BC ngày'!E7,'T102024 BC ngày'!E11,'T102024 BC ngày'!E15,'T102024 BC ngày'!E19) -> 0 | F31: =SUM('T102024 BC ngày'!F7,'T102024 BC ngày'!F11,'T102024 BC ngày'!F15,'T102024 BC ngày'!F19) -> 0 | G31: =SUM('T102024 BC ngày'!G7,'T102024 BC ngày'!G11,'T102024 BC ngày'!G15,'T102024 BC ngày'!G19) -> 0
A32: Tổng số | B32: =SUM(B30:B31) -> 16 | C32: =SUM(C30:C31) -> 14 | D32: =SUM(D30:D31) -> 1 | E32: =SUM(E30:E31) -> 0 | F32: =SUM(F30:F31) -> 3 | G32: =SUM(G30:G31) -> 2
A33: Tuần 8: Từ 07/10 đến 12/10
A34: TopCV | B34: =SUM('T102024 BC ngày'!B22,'T102024 BC ngày'!B26) -> 19 | C34: =SUM('T102024 BC ngày'!C22,'T102024 BC ngày'!C26) -> 8 | D34: =SUM('T102024 BC ngày'!D22,'T102024 BC ngày'!D26) -> 0 | E34: =SUM('T102024 BC ngày'!E22,'T102024 BC ngày'!E26) -> 0 | F34: =SUM('T102024 BC ngày'!F22,'T102024 BC ngày'!F26) -> 2 | G34: =SUM('T102024 BC ngày'!G22,'T102024 BC ngày'!G26) -> 3
A35: Facebook | B35: =SUM('T102024 BC ngày'!B23,'T102024 BC ngày'!B27) -> 1 | C35: =SUM('T102024 BC ngày'!C23,'T102024 BC ngày'!C27) -> 1 | D35: =SUM('T102024 BC ngày'!D23,'T102024 BC ngày'!D27) -> 0 | E35: =SUM('T102024 BC ngày'!E23,'T102024 BC ngày'!E27) -> 0 | F35: =SUM('T102024 BC ngày'!F23,'T102024 BC ngày'!F27) -> 0 | G35: =SUM('T102024 BC ngày'!G23,'T102024 BC ngày'!G27) -> 0
A36: Tổng số | B36: =SUM(B34:B35) -> 20 | C36: =SUM(C34:C35) -> 9 | D36: =SUM(D34:D35) -> 0 | E36: =SUM(E34:E35) -> 0 | F36: =SUM(F34:F35) -> 2 | G36: =SUM(G34:G35) -> 3
A37: Tuần 9: Từ 14/10 đến 19/10
A38: TopCV | B38: =SUM('T102024 BC ngày'!B30,'T102024 BC ngày'!B34,'T102024 BC ngày'!B38) -> 14 | C38: =SUM('T102024 BC ngày'!C30,'T102024 BC ngày'!C34,'T102024 BC ngày'!C38) -> 6 | D38: =SUM('T102024 BC ngày'!D30,'T102024 BC ngày'!D34,'T102024 BC ngày'!D38) -> 0 | E38: =SUM('T102024 BC ngày'!E30,'T102024 BC ngày'!E34,'T102024 BC ngày'!E38) -> 0 | F38: =SUM('T102024 BC ngày'!F30,'T102024 BC ngày'!F34,'T102024 BC ngày'!F38) -> 0 | G38: =SUM('T102024 BC ngày'!G30,'T102024 BC ngày'!G34,'T102024 BC ngày'!G38) -> 1
A39: Facebook | B39: =SUM('T102024 BC ngày'!B31,'T102024 BC ngày'!B35,'T102024 BC ngày'!B39) -> 0 | C39: =SUM('T102024 BC ngày'!C31,'T102024 BC ngày'!C35,'T102024 BC ngày'!C39) -> 0 | D39: =SUM('T102024 BC ngày'!D31,'T102024 BC ngày'!D35,'T102024 BC ngày'!D39) -> 0 | E39: =SUM('T102024 BC ngày'!E31,'T102024 BC ngày'!E35,'T102024 BC ngày'!E39) -> 0 | F39: =SUM('T102024 BC ngày'!F31,'T102024 BC ngày'!F35,'T102024 BC ngày'!F39) -> 0 | G39: =SUM('T102024 BC ngày'!G31,'T102024 BC ngày'!G35,'T102024 BC ngày'!G39) -> 0
A40: Tổng số | B40: =SUM(B38:B39) -> 14 | C40: =SUM(C38:C39) -> 6 | D40: =SUM(D38:D39) -> 0 | E40: =SUM(E38:E39) -> 0 | F40: =SUM(F38:F39) -> 0 | G40: =SUM(G38:G39) -> 1
A41: Tuần 10: Từ 21/10 đến 26/10
A42: TopCV | B42: =SUM('T102024 BC ngày'!B42,'T102024 BC ngày'!B46,'T102024 BC ngày'!B50) -> 8 | C42: =SUM('T102024 BC ngày'!C42,'T102024 BC ngày'!C46,'T102024 BC ngày'!C50) -> 6 | D42: =SUM('T102024 BC ngày'!D42,'T102024 BC ngày'!D46,'T102024 BC ngày'!D50) -> 0 | E42: =SUM('T102024 BC ngày'!E42,'T102024 BC ngày'!E46,'T102024 BC ngày'!E50) -> 0 | F42: =SUM('T102024 BC ngày'!F42,'T102024 BC ngày'!F46,'T102024 BC ngày'!F50) -> 0 | G42: =SUM('T102024 BC ngày'!G42,'T102024 BC ngày'!G46,'T102024 BC ngày'!G50) -> 0
A43: Facebook | B43: =SUM('T102024 BC ngày'!B43,'T102024 BC ngày'!B47,'T102024 BC ngày'!B51) -> 0 | C43: =SUM('T102024 BC ngày'!C43,'T102024 BC ngày'!C47,'T102024 BC ngày'!C51) -> 0 | D43: =SUM('T102024 BC ngày'!D43,'T102024 BC ngày'!D47,'T102024 BC ngày'!D51) -> 0 | E43: =SUM('T102024 BC ngày'!E43,'T102024 BC ngày'!E47,'T102024 BC ngày'!E51) -> 0 | F43: =SUM('T102024 BC ngày'!F43,'T102024 BC ngày'!F47,'T102024 BC ngày'!F51) -> 0 | G43: =SUM('T102024 BC ngày'!G43,'T102024 BC ngày'!G47,'T102024 BC ngày'!G51) -> 0
A44: Tổng số | B44: =SUM(B42:B43) -> 8 | C44: =SUM(C42:C43) -> 6 | D44: =SUM(D42:D43) -> 0 | E44: =SUM(E42:E43) -> 0 | F44: =SUM(F42:F43) -> 0 | G44: =SUM(G42:G43) -> 0
A45: Tuần 11: Từ 28/10 đến 02/11
A46: TopCV | B46: 0 | C46: 0 | D46: 0 | E46: 0 | F46: 0 | G46: 0
A47: Facebook | B47: 0 | C47: 0 | D47: 0 | E47: 0 | F47: 0 | G47: 0
A48: Tổng số | B48: 0 | C48: =SUM(C45:C47) -> 0 | D48: 0 | E48: =SUM(E45:E47) -> 0 | F48: 0 | G48: 0
A49: Tuần 12: Từ 04/11 đến 09/11
A50: TopCV | B50: 0 | C50: 0 | D50: 0 | E50: 0 | F50: 0 | G50: 0
A51: Facebook | B51: 0 | C51: 0 | D51: 0 | E51: 0 | F51: 0 | G51: 0
A52: Tổng số | B52: 0 | C52: =SUM(C49:C51) -> 0 | D52: 0 | E52: =SUM(E49:E51) -> 0 | F52: 0 | G52: 0
A53: Tuần 13: Từ 11/11 đến 16/11
A54: TopCV | B54: 0 | C54: 0 | D54: 0 | E54: 0 | F54: 0 | G54: 0
A55: Facebook | B55: 0 | C55: 0 | D55: 0 | E55: 0 | F55: 0 | G55: 0
A56: Tổng số | B56: 0 | C56: =SUM(C53:C55) -> 0 | D56: 0 | E56: =SUM(E53:E55) -> 0 | F56: 0 | G56: 0
A57: Tuần 14: Từ 18/11 đến 23/11
A58: TopCV | B58: 0 | C58: 0 | D58: 0 | E58: 0 | F58: 0 | G58: 0
A59: Facebook | B59: 0 | C59: 0 | D59: 0 | E59: 0 | F59: 0 | G59: 0
A60: Tổng số | B60: 0 | C60: =SUM(C57:C59) -> 0 | D60: 0 | E60: =SUM(E57:E59) -> 0 | F60: 0 | G60: 0
A61: Tuần 15: Từ 25/11 đến 30/11
A62: TopCV | B62: 0 | C62: 0 | D62: 0 | E62: 0 | F62: 0 | G62: 0
A63: Facebook | B63: 0 | C63: 0 | D63: 0 | E63: 0 | F63: 0 | G63: 0
A64: Tổng số | B64: 0 | C64: =SUM(C61:C63) -> 0 | D64: 0 | E64: =SUM(E61:E63) -> 0 | F64: 0 | G64: 0
A65: Tuần 16: Từ 02/12 đến 07/12
A66: TopCV | B66: 0 | C66: 0 | D66: 0 | E66: 0 | F66: 0 | G66: 0
A67: Facebook | B67: 0 | C67: 0 | D67: 0 | E67: 0 | F67: 0 | G67: 0
A68: Tổng số | B68: 0 | C68: =SUM(C65:C67) -> 0 | D68: 0 | E68: =SUM(E65:E67) -> 0 | F68: 0 | G68: 0
A69: Tuần 17: Từ 09/12 đến 14/12
A70: TopCV | B70: 0 | C70: 0 | D70: 0 | E70: 0 | F70: 0 | G70: 0
A71: Facebook | B71: 0 | C71: 0 | D71: 0 | E71: 0 | F71: 0 | G71: 0
A72: Tổng số | B72: 0 | C72: =SUM(C69:C71) -> 0 | D72: 0 | E72: =SUM(E69:E71) -> 0 | F72: 0 | G72: 0
A73: Tuần 18: Từ 16/12 đến 21/12
A74: TopCV | B74: 0 | C74: 0 | D74: 0 | E74: 0 | F74: 0 | G74: 0
A75: Facebook | B75: 0 | C75: 0 | D75: 0 | E75: 0 | F75: 0 | G75: 0
A76: Tổng số | B76: 0 | C76: =SUM(C73:C75) -> 0 | D76: 0 | E76: =SUM(E73:E75) -> 0 | F76: 0 | G76: 0
A77: Tuần 19: Từ 23/12 đến 28/12
A78: TopCV | B78: 0 | C78: 0 | D78: 0 | E78: 0 | F78: 0 | G78: 0
A79: Facebook | B79: 0 | C79: 0 | D79: 0 | E79: 0 | F79: 0 | G79: 0
A80: Tổng số | B80: 0 | C80: =SUM(C77:C79) -> 0 | D80: 0 | E80: =SUM(E77:E79) -> 0 | F80: 0 | G80: 0
A81: Tuần 20: Từ 30/12 đến 04/01
A82: TopCV | B82: 0 | C82: 0 | D82: 0 | E82: 0 | F82: 0 | G82: 0
A83: Facebook | B83: 0 | C83: 0 | D83: 0 | E83: 0 | F83: 0 | G83: 0
A84: Tổng số | B84: 0 | C84: =SUM(C81:C83) -> 0 | D84: 0 | E84: =SUM(E81:E83) -> 0 | F84: 0 | G84: 0

Sheet T102024 BC ngày
A2: MẪU BÁO CÁO TUYỂN DỤNG TTS KD THEO THỜI GIAN THÁNG 10/2024
A4: Nguồn | B4: Số hồ sơ nhận được | C4: Số hồ sơ đạt yêu cầu | D4: Số lượng tham gia PV | E4: Số lượng đạt PV | F4: Số lượng nhận việc | G4: Số lượng làm chính thức
A5: 45565
A6: TopCV | B6: 6 | C6: 4 | D6: 0 | E6: 0 | F6: 0 | G6: 0
A7: Facebook | B7: 0 | C7: 0 | D7: 0 | E7: 0 | F7: 0 | G7: 0
A8: Tổng số | B8: =SUM(B6:B7) -> 6 | C8: =SUM(C6:C7) -> 4 | D8: =SUM(D6:D7) -> 0 | E8: =SUM(E6:E7) -> 0 | F8: =SUM(F6:F7) -> 0 | G8: =SUM(G6:G7) -> 0
A9: 45566
A10: TopCV | B10: 5 | C10: 5 | D10: 0 | E10: 0 | F10: 0 | G10: 0
A11: Facebook | B11: 0 | C11: 0 | D11: 0 | E11: 0 | F11: 0 | G11: 0
A12: Tổng số | B12: =SUM(B10:B11) -> 5 | C12: =SUM(C10:C11) -> 5 | D12: =SUM(D10:D11) -> 0 | E12: =SUM(E10:E11) -> 0 | F12: =SUM(F10:F11) -> 0 | G12: =SUM(G10:G11) -> 0
A13: 45567
A14: TopCV | B14: 3 | C14: 3 | D14: 0 | E14: 0 | F14: 3 | G14: 2
A15: Facebook | B15: 0 | C15: 0 | D15: 0 | E15: 0 | F15: 0 | G15: 0
A16: Tổng số | B16: =SUM(B14:B15) -> 3 | C16: =SUM(C14:C15) -> 3 | D16: =SUM(D14:D15) -> 0 | E16: =SUM(E14:E15) -> 0 | F16: =SUM(F14:F15) -> 3 | G16: =SUM(G14:G15) -> 2
A17: 45568
A18: TopCV | B18: 1 | C18: 1 | D18: 1 | E18: 0 | F18: 0 | G18: 0
A19: Facebook | B19: 1 | C19: 1 | D19: 0 | E19: 0 | F19: 0 | G19: 0
A20: Tổng số | B20: =SUM(B18:B19) -> 2 | C20: =SUM(C18:C19) -> 2 | D20: =SUM(D18:D19) -> 1 | E20: =SUM(E18:E19) -> 0 | F20: =SUM(F18:F19) -> 0 | G20: =SUM(G18:G19) -> 0
A21: 45575
A22: TopCV | B22: 1 | C22: 0 | D22: 0 | E22: 0 | F22: 2 | G22: 3
A23: Facebook | B23: 0 | C23: 0 | D23: 0 | E23: 0 | F23: 0 | G23: 0
A24: Tổng số | B24: =SUM(B22:B23) -> 1 | C24: =SUM(C22:C23) -> 0 | D24: =SUM(D22:D23) -> 0 | E24: =SUM(E22:E23) -> 0 | F24: =SUM(F22:F23) -> 2 | G24: =SUM(G22:G23) -> 3
A25: 45576
A26: TopCV | B26: 18 | C26: 8 | D26: 0 | E26: 0 | F26: 0 | G26: 0
A27: Facebook | B27: 1 | C27: 1 | D27: 0 | E27: 0 | F27: 0 | G27: 0
A28: Tổng số | B28: =SUM(B26:B27) -> 19 | C28: =SUM(C26:C27) -> 9 | D28: =SUM(D26:D27) -> 0 | E28: =SUM(E26:E27) -> 0 | F28: =SUM(F26:F27) -> 0 | G28: =SUM(G26:G27) -> 0
A29: 45579
A30: TopCV | B30: 12 | C30: 6 | D30: 0 | E30: 0 | F30: 0 | G30: 0
A31: Facebook | B31: 0 | C31: 0 | D31: 0 | E31: 0 | F31: 0 | G31: 0
A32: Tổng số | B32: =SUM(B30:B31) -> 12 | C32: =SUM(C30:C31) -> 6 | D32: =SUM(D30:D31) -> 0 | E32: =SUM(E30:E31) -> 0 | F32: =SUM(F30:F31) -> 0 | G32: =SUM(G30:G31) -> 0
A33: 45580
A34: TopCV | B34: 1 | C34: 0 | D34: 0 | E34: 0 | F34: 0 | G34: 1
A35: Facebook | B35: 0 | C35: 0 | D35: 0 | E35: 0 | F35: 0 | G35: 0
A36: Tổng số | B36: =SUM(B34:B35) -> 1 | C36: =SUM(C34:C35) -> 0 | D36: =SUM(D34:D35) -> 0 | E36: =SUM(E34:E35) -> 0 | F36: =SUM(F34:F35) -> 0 | G36: =SUM(G34:G35) -> 1
A37: 45581
A38: TopCV | B38: 1 | C38: 0 | D38: 0 | E38: 0 | F38: 0 | G38: 0
A39: Facebook | B39: 0 | C39: 0 | D39: 0 | E39: 0 | F39: 0 | G39: 0
A40: Tổng số | B40: 0 | C40: =SUM(C37:C39) -> 0 | D40: 0 | E40: =SUM(E37:E39) -> 0 | F40: 0 | G40: 0
A41: 45587
A42: TopCV | B42: 6 | C42: 4 | D42: 0 | E42: 0 | F42: 0 | G42: 0
A43: Facebook | B43: 0 | C43: 0 | D43: 0 | E43: 0 | F43: 0 | G43: 0
A44: Tổng số | B44: =SUM(B42:B43) -> 6 | C44: =SUM(C42:C43) -> 4 | D44: =SUM(D42:D43) -> 0 | E44: =SUM(E42:E43) -> 0 | F44: =SUM(F42:F43) -> 0 | G44: =SUM(G42:G43) -> 0
A45: 45588
A46: TopCV | B46: 1 | C46: 1 | D46: 0 | E46: 0 | F46: 0 | G46: 0
A47: Facebook | B47: 0 | C47: 0 | D47: 0 | E47: 0 | F47: 0 | G47: 0
A48: Tổng số | B48: =SUM(B46:B47) -> 1 | C48: =SUM(C45:C47) -> 1 | D48: 0 | E48: =SUM(E45:E47) -> 0 | F48: 0 | G48: 0
A49: 45589
A50: TopCV | B50: 1 | C50: 1 | D50: 0 | E50: 0 | F50: 0 | G50: 0
A51: Facebook | B51: 0 | C51: 0 | D51: 0 | E51: 0 | F51: 0 | G51: 0
A52: Tổng số | B52: =SUM(B50:B51) -> 1 | C52: =SUM(C49:C51) -> 1 | D52: 0 | E52: =SUM(E49:E51) -> 0 | F52: 0 | G52: 0
A53: 45594
A54: TopCV | B54: 4 | C54: 3 | D54: 0 | E54: 0 | F54: 0 | G54: 0
A55: Facebook | B55: 0 | C55: 0 | D55: 0 | E55: 0 | F55: 0 | G55: 0
A56: Tổng số | B56: 0 | C56: =SUM(C53:C55) -> 3 | D56: 0 | E56: =SUM(E53:E55) -> 0 | F56: 0 | G56: 0
A57: 45595
A58: TopCV | B58: 0 | C58: 0 | D58: 0 | E58: 0 | F58: 0 | G58: 0
A59: Facebook | B59: 0 | C59: 0 | D59: 0 | E59: 0 | F59: 0 | G59: 0
A60: Tổng số | B60: 0 | C60: =SUM(C57:C59) -> 0 | D60: 0 | E60: =SUM(E57:E59) -> 0 | F60: 0 | G60: 0
A61: 45596
A62: TopCV | B62: 0 | C62: 0 | D62: 0 | E62: 0 | F62: 0 | G62: 0
A63: Facebook | B63: 0 | C63: 0 | D63: 0 | E63: 0 | F63: 0 | G63: 0
A64: Tổng số | B64: 0 | C64: =SUM(C61:C63) -> 0 | D64: 0 | E64: =SUM(E61:E63) -> 0 | F64: 0 | G64: 0
A66: Tổng tháng | B66: =SUM(B8,B12,B16,B20,B24,B28,B32,B36,B40,B44,B48,B52,B56,B60,B64) -> 57 | C66: =SUM(C8,C12,C16,C20,C24,C28,C32,C36,C40,C44,C48,C52,C56,C60,C64) -> 38 | D66: =SUM(D8,D12,D16,D20,D24,D28,D32,D36,D40,D44,D48,D52,D56,D60,D64) -> 1 | E66: =SUM(E8,E12,E16,E20,E24,E28,E32,E36,E40,E44,E48,E52,E56,E60,E64) -> 0 | F66: =SUM(F8,F12,F16,F20,F24,F28,F32,F36,F40,F44,F48,F52,F56,F60,F64) -> 5 | G66: =SUM(G8,G12,G16,G20,G24,G28,G32,G36,G40,G44,G48,G52,G56,G60,G64) -> 6

Sheet T82024 BC ngày
A2: MẪU BÁO CÁO TUYỂN DỤNG TTS KD THEO THỜI GIAN THÁNG 8/2024
A4: Nguồn | B4: Số hồ sơ nhận được | C4: Số hồ sơ đạt yêu cầu | D4: Số lượng tham gia PV | E4: Số lượng đạt PV | F4: Số lượng nhận việc | G4: Số lượng làm chính thức
A5: 45524
A6: TopCV | B6: 0 | C6: 0 | D6: 0 | E6: 0 | F6: 0 | G6: 0
A7: Facebook | B7: 1 | C7: 1 | D7: 0 | E7: 0 | F7: 0 | G7: 0
A8: Tổng số | B8: =SUM(B6:B7) -> 1 | C8: =SUM(C5:C7) -> 1 | D8: 0 | E8: =SUM(E5:E7) -> 0 | F8: 0 | G8: 0
A9: 45525
A10: TopCV | B10: 3 | C10: 3 | D10: 0 | E10: 0 | F10: 0 | G10: 0
A11: Facebook | B11: 0 | C11: 0 | D11: 0 | E11: 0 | F11: 0 | G11: 0
A12: Tổng số | B12: =SUM(B10:B11) -> 3 | C12: =SUM(C9:C11) -> 3 | D12: 0 | E12: =SUM(E9:E11) -> 0 | F12: 0 | G12: 0
A13: 45526
A14: TopCV | B14: 2 | C14: 0 | D14: 2 | E14: 2 | F14: 0 | G14: 0
A15: Facebook | B15: 0 | C15: 0 | D15: 0 | E15: 0 | F15: 0 | G15: 0
A16: Tổng số | B16: =SUM(B14:B15) -> 2 | C16: =SUM(C13:C15) -> 0 | D16: =SUM(D14:D15) -> 2 | E16: =SUM(E13:E15) -> 2 | F16: 0 | G16: 0
A17: 45530
A18: TopCV | B18: 4 | C18: 3 | D18: 1 | E18: 1 | F18: 0 | G18: 0
A19: Facebook | B19: 0 | C19: 0 | D19: 0 | E19: 0 | F19: 0 | G19: 0
A20: Tổng số | B20: =SUM(B18:B19) -> 4 | C20: =SUM(C17:C19) -> 3 | D20: =SUM(D18:D19) -> 1 | E20: =SUM(E17:E19) -> 1 | F20: 0 | G20: 0
A21: 45531
A22: TopCV | B22: 3 | C22: 2 | D22: 1 | E22: 1 | F22: 0 | G22: 0
A23: Facebook | B23: 0 | C23: 0 | D23: 0 | E23: 0 | F23: 0 | G23: 0
A24: Tổng số | B24: =SUM(B22:B23) -> 3 | C24: =SUM(C21:C23) -> 2 | D24: =SUM(D22:D23) -> 1 | E24: =SUM(E21:E23) -> 1 | F24: 0 | G24: 0
A25: 45532
A26: TopCV | B26: 4 | C26: 4 | D26: 3 | E26: 3 | F26: 3 | G26: 0
A27: Facebook | B27: 1 | C27: 1 | D27: 0 | E27: 0 | F27: 0 | G27: 0
A28: Tổng số | B28: =SUM(B26:B27) -> 5 | C28: =SUM(C25:C27) -> 5 | D28: =SUM(D26:D27) -> 3 | E28: =SUM(E25:E27) -> 3 | F28: =SUM(F26:F27) -> 3 | G28: 0
A29: Tổng tháng | B29: =SUM(B8,B12,B16,B20,B24,B28) -> 18 | C29: =SUM(C8,C12,C16,C20,C24,C28) -> 14 | D29: =SUM(D8,D12,D16,D20,D24,D28) -> 7 | E29: =SUM(E8,E12,E16,E20,E24,E28) -> 7 | F29: =SUM(F8,F12,F16,F20,F24,F28) -> 3 | G29: =SUM(G8,G12,G16,G20,G24,G28) -> 0

Sheet T92024 BC ngày
A2: MẪU BÁO CÁO TUYỂN DỤNG TTS KD THEO THỜI GIAN THÁNG 9/2024
A4: Nguồn | B4: Số hồ sơ nhận được | C4: Số hồ sơ đạt yêu cầu | D4: Số lượng tham gia PV | E4: Số lượng đạt PV | F4: Số lượng nhận việc | G4: Số lượng làm chính thức
A5: 45539
A6: TopCV | B6: 13 | C6: 9 | D6: 1 | E6: 0 | F6: 4 | G6: 3
A7: Facebook | B7: 0 | C7: 0 | D7: 1 | E7: 0 | F7: 0 | G7: 0
A8: Tổng số | B8: =SUM(B6:B7) -> 13 | C8: =SUM(C5:C7) -> 9 | D8: =SUM(D6:D7) -> 2 | E8: =SUM(E5:E7) -> 0 | F8: =SUM(F6:F7) -> 4 | G8: =SUM(G6:G7) -> 3
A9: 45540
A10: TopCV | B10: 1 | C10: 1 | D10: 1 | E10: 1 | F10: 0 | G10: 0
A11: Facebook | B11: 2 | C11: 2 | D11: 0 | E11: 0 | F11: 0 | G11: 0
A12: Tổng số | B12: =SUM(B10:B11) -> 3 | C12: =SUM(C9:C11) -> 3 | D12: =SUM(D10:D11) -> 1 | E12: =SUM(E9:E11) -> 1 | F12: 0 | G12: 0
A13: 45541
A14: TopCV | B14: 2 | C14: 2 | D14: 2 | E14: 2 | F14: 0 | G14: 0
A15: Facebook | B15: 0 | C15: 0 | D15: 0 | E15: 0 | F15: 0 | G15: 0
A16: Tổng số | B16: =SUM(B14:B15) -> 2 | C16: =SUM(C13:C15) -> 2 | D16: =SUM(D14:D15) -> 2 | E16: =SUM(E13:E15) -> 2 | F16: 0 | G16: 0
A17: 45544
A18: TopCV | B18: 7 | C18: 5 | D18: 2 | E18: 2 | F18: 0 | G18: 0
A19: Facebook | B19: 4 | C19: 4 | D19: 0 | E19: 0 | F19: 0 | G19: 0
A20: Tổng số | B20: =SUM(B18:B19) -> 11 | C20: =SUM(C17:C19) -> 9 | D20: =SUM(D18:D19) -> 2 | E20: =SUM(E17:E19) -> 2 | F20: 0 | G20: 0
A21: 45546
A22: TopCV | B22: 6 | C22: 5 | D22: 1 | E22: 1 | F22: 4 | G22: 4
A23: Facebook | B23: 0 | C23: 0 | D23: 0 | E23: 0 | F23: 0 | G23: 0
A24: Tổng số | B24: =SUM(B22:B23) -> 6 | C24: =SUM(C21:C23) -> 5 | D24: =SUM(D22:D23) -> 1 | E24: =SUM(E21:E23) -> 1 | F24: =SUM(F22:F23) -> 4 | G24: =SUM(G22:G23) -> 4
A25: 45547
A26: TopCV | B26: 5 | C26: 5 | D26: 0 | E26: 0 | F26: 0 | G26: 0
A27: Facebook | B27: 1 | C27: 1 | D27: 0 | E27: 0 | F27: 0 | G27: 0
A28: Tổng số | B28: =SUM(B26:B27) -> 6 | C28: =SUM(C25:C27) -> 6 | D28: 0 | E28: =SUM(E25:E27) -> 0 | F28: 0 | G28: 0
A29: 45552
A30: TopCV | B30: 15 | C30: 11 | D30: 0 | E30: 0 | F30: 3 | G30: 3
A31: Facebook | B31: 0 | C31: 0 | D31: 0 | E31: 0 | F31: 0 | G31: 0
A32: Tổng số | B32: =SUM(B30:B31) -> 15 | C32: =SUM(C30:C31) -> 11 | D32: =SUM(D30:D31) -> 0 | E32: =SUM(E30:E31) -> 0 | F32: =SUM(F30:F31) -> 3 | G32: =SUM(G30:G31) -> 3
A33: 45553
A34: TopCV | B34: 2 | C34: 2 | D34: 1 | E34: 0 | F34: 0 | G34: 0
A35: Facebook | B35: 0 | C35: 0 | D35: 0 | E35: 0 | F35: 0 | G35: 0
A36: Tổng số | B36: =SUM(B34:B35) -> 2 | C36: =SUM(C34:C35) -> 2 | D36: =SUM(D34:D35) -> 1 | E36: =SUM(E34:E35) -> 0 | F36: =SUM(F34:F35) -> 0 | G36: =SUM(G34:G35) -> 0
A37: 45554
A38: TopCV | B38: 5 | C38: 3 | D38: 5 | E38: 5 | F38: 0 | G38: 0
A39: Facebook | B39: 0 | C39: 0 | D39: 0 | E39: 0 | F39: 0 | G39: 0
A40: Tổng số | B40: =SUM(B38:B39) -> 5 | C40: =SUM(C38:C39) -> 3 | D40: =SUM(D38:D39) -> 5 | E40: =SUM(E38:E39) -> 5 | F40: =SUM(F38:F39) -> 0 | G40: =SUM(G38:G39) -> 0
A41: 45559
A42: TopCV | B42: 2 | C42: 2 | D42: 2 | E42: 2 | F42: 0 | G42: 3
A43: Facebook | B43: 6 | C43: 6 | D43: 0 | E43: 0 | F43: 0 | G43: 0
A44: Tổng số | B44: =SUM(B42:B43) -> 8 | C44: =SUM(C42:C43) -> 8 | D44: =SUM(D42:D43) -> 2 | E44: =SUM(E42:E43) -> 2 | F44: =SUM(F42:F43) -> 0 | G44: =SUM(G42:G43) -> 3
A45: 45560
A46: TopCV | B46: 6 | C46: 5 | D46: 2 | E46: 1 | F46: 3 | G46: 0
A47: Facebook | B47: 1 | C47: 0 | D47: 0 | E47: 0 | F47: 0 | G47: 0
A48: Tổng số | B48: =SUM(B46:B47) -> 7 | C48: =SUM(C46:C47) -> 5 | D48: =SUM(D46:D47) -> 2 | E48: =SUM(E46:E47) -> 1 | F48: =SUM(F46:F47) -> 3 | G48: =SUM(G46:G47) -> 0
A49: 45561
A50: TopCV | B50: 1 | C50: 0 | D50: 1 | E50: 1 | F50: 0 | G50: 0
A51: Facebook | B51: 0 | C51: 0 | D51: 0 | E51: 0 | F51: 0 | G51: 0
A52: Tổng số | B52: =SUM(B50:B51) -> 1 | C52: =SUM(C50:C51) -> 0 | D52: =SUM(D50:D51) -> 1 | E52: =SUM(E50:E51) -> 1 | F52: =SUM(F50:F51) -> 0 | G52: =SUM(G50:G51) -> 0
A54: Tổng tháng | B54: =SUM(B8, B12, B16,B20,B24,B28,B32,B36,B40,B44,B48,B52) -> 79 | C54: =SUM(C8,C12,C16,C20,C24,C28,C32,C36,C40,C44,C48,C52,) -> 63 | D54: =SUM(D8,D12,D16,D20,D24,D28,D32,D36,D40,D44,D48,D52) -> 19 | E54: =SUM(E8,E12,E16,E20,E24,E28,E32,E36,E40,E44,E48,E52) -> 15 | F54: =SUM(F8,F12,F16,F20,F24,F28,F32,F36,F40,F44,F48,F52) -> 14 | G54: =SUM(G8,G12,G16,G20,G24,G28,G32,G36,G40,G44,G48,G52) -> 13

Sheet T112024 BC TTS 
A2: MẪU BÁO CÁO TUYỂN DỤNG TTS THEO THỜI GIAN THÁNG 11/2024
A4: Nguồn | B4: Số hồ sơ nhận được | C4: Số hồ sơ đạt yêu cầu | D4: Số lượng tham gia PV | E4: Số lượng đạt PV | F4: Số lượng nhận việc | G4: Số lượng làm chính thức
A5: 45600
A6: TopCV | B6: 0 | C6: 0 | D6: 0 | E6: 0 | F6: 0 | G6: 0
A7: Facebook | B7: 0 | C7: 0 | D7: 0 | E7: 0 | F7: 0 | G7: 0
A8: Tiktok | B8: 0 | C8: 0 | D8: 0 | E8: 0 | F8: 0 | G8: 0
A9: Tổng số | B9: =SUM(B6:B8) -> 0 | C9: =SUM(C6:C8) -> 0 | D9: =SUM(D6:D8) -> 0 | E9: =SUM(E6:E8) -> 0 | F9: =SUM(F6:F8) -> 0 | G9: =SUM(G6:G8) -> 0
A10: 45601
A11: TopCV | B11: 0 | C11: 0 | D11: 0 | E11: 0 | F11: 0 | G11: 0
A12: Facebook | B12: 0 | C12: 0 | D12: 0 | E12: 0 | F12: 0 | G12: 0
A13: Tiktok | B13: 0 | C13: 0 | D13: 0 | E13: 0 | F13: 0 | G13: 0
A14: Tổng số | B14: =SUM(B11:B13) -> 0 | C14: =SUM(C11:C13) -> 0 | D14: =SUM(D11:D13) -> 0 | E14: =SUM(E11:E13) -> 0 | F14: =SUM(F11:F13) -> 0 | G14: =SUM(G11:G13) -> 0
A15: 45602
A16: TopCV | B16: 0 | C16: 0 | D16: 0 | E16: 0 | F16: 0 | G16: 0
A17: Facebook | B17: 0 | C17: 0 | D17: 0 | E17: 0 | F17: 0 | G17: 0
A18: Tiktok | B18: 0 | C18: 0 | D18: 0 | E18: 0 | F18: 0 | G18: 0
A19: Tổng số | B19: =SUM(B16:B18) -> 0 | C19: =SUM(C16:C18) -> 0 | D19: =SUM(D16:D18) -> 0 | E19: =SUM(E16:E18) -> 0 | F19: =SUM(F16:F18) -> 0 | G19: =SUM(G16:G18) -> 0
A20: 45607
A21: TopCV | B21: 0 | C21: 0 | D21: 0 | E21: 0 | F21: 0 | G21: 0
A22: Facebook | B22: 0 | C22: 0 | D22: 0 | E22: 0 | F22: 0 | G22: 0
A23: Tiktok | B23: 0 | C23: 0 | D23: 0 | E23: 0 | F23: 0 | G23: 0
A24: Tổng số | B24: =SUM(B21:B23) -> 0 | C24: =SUM(C21:C23) -> 0 | D24: =SUM(D21:D23) -> 0 | E24: =SUM(E21:E23) -> 0 | F24: =SUM(F21:F23) -> 0 | G24: =SUM(G21:G23) -> 0
A25: 45608
A26: TopCV | B26: 0 | C26: 0 | D26: 0 | E26: 0 | F26: 0 | G26: 0
A27: Facebook | B27: 0 | C27: 0 | D27: 0 | E27: 0 | F27: 0 | G27: 0
A28: Tiktok | B28: 0 | C28: 0 | D28: 0 | E28: 0 | F28: 0 | G28: 0
A29: Tổng số | B29: =SUM(B26:B28) -> 0 | C29: =SUM(C26:C28) -> 0 | D29: =SUM(D26:D28) -> 0 | E29: =SUM(E26:E28) -> 0 | F29: =SUM(F26:F28) -> 0 | G29: =SUM(G26:G28) -> 0
A30: 45615
A31: TopCV | B31: 4 | C31: 3 | D31: 0 | E31: 0 | F31: 0 | G31: 0
A32: Facebook | B32: 0 | C32: 0 | D32: 0 | E32: 0 | F32: 0 | G32: 0
A33: Tiktok | B33: 0 | C33: 0 | D33: 0 | E33: 0 | F33: 0 | G33: 0
A34: Tổng số | B34: =SUM(B31:B32) -> 4 | C34: =SUM(C31:C32) -> 3 | D34: =SUM(D31:D32) -> 0 | E34: =SUM(E31:E32) -> 0 | F34: =SUM(F31:F32) -> 0 | G34: =SUM(G31:G32) -> 0
A35: 45616
A36: TopCV | B36: 0 | C36: 0 | D36: 0 | E36: 0 | F36: 0 | G36: 0
A37: Facebook | B37: 0 | C37: 0 | D37: 0 | E37: 0 | F37: 0 | G37: 0
A38: Tiktok | B38: 0 | C38: 0 | D38: 0 | E38: 0 | F38: 0 | G38: 0
A39: Tổng số | B39: =SUM(B36:B38) -> 0 | C39: =SUM(C36:C38) -> 0 | D39: =SUM(D36:D38) -> 0 | E39: =SUM(E36:E38) -> 0 | F39: =SUM(F36:F38) -> 0 | G39: =SUM(G36:G38) -> 0
A40: 45617
A41: TopCV | B41: 0 | C41: 0 | D41: 0 | E41: 0 | F41: 0 | G41: 0
A42: Facebook | B42: 0 | C42: 0 | D42: 0 | E42: 0 | F42: 0 | G42: 0
A43: Tiktok | B43: 0 | C43: 0 | D43: 0 | E43: 0 | F43: 0 | G43: 0
A44: Tổng số | B44: =SUM(B41:B43) -> 0 | C44: =SUM(C41:C43) -> 0 | D44: =SUM(D41:D43) -> 0 | E44: =SUM(E41:E43) -> 0 | F44: =SUM(F41:F43) -> 0 | G44: =SUM(G41:G43) -> 0
A45: 45618
A46: TopCV | B46: 0 | C46: 0 | D46: 0 | E46: 0 | F46: 0 | G46: 0
A47: Facebook | B47: 0 | C47: 0 | D47: 0 | E47: 0 | F47: 0 | G47: 0
A48: Tiktok | B48: 0 | C48: 0 | D48: 0 | E48: 0 | F48: 0 | G48: 0
A49: Tổng số | B49: =SUM(B46:B48) -> 0 | C49: =SUM(C46:C48) -> 0 | D49: =SUM(D46:D48) -> 0 | E49: =SUM(E46:E48) -> 0 | F49: =SUM(F46:F48) -> 0 | G49: =SUM(G46:G48) -> 0
A50: 45622
A51: TopCV | B51: 0 | C51: 0 | D51: 0 | E51: 0 | F51: 0 | G51: 0
A52: Facebook | B52: 0 | C52: 0 | D52: 0 | E52: 0 | F52: 0 | G52: 0
A53: Tiktok | B53: 0 | C53: 0 | D53: 0 | E53: 0 | F53: 0 | G53: 0
A54: Tổng số | B54: =SUM(B51:B53) -> 0 | C54: =SUM(C51:C53) -> 0 | D54: =SUM(D51:D53) -> 0 | E54: =SUM(E51:E53) -> 0 | F54: =SUM(F51:F53) -> 0 | G54: =SUM(G51:G53) -> 0
A55: 45623
A56: TopCV | B56: 0 | C56: 0 | D56: 0 | E56: 0 | F56: 0 | G56: 0
A57: Facebook | B57: 0 | C57: 0 | D57: 0 | E57: 0 | F57: 0 | G57: 0
A58: Tiktok | B58: 0 | C58: 0 | D58: 0 | E58: 0 | F58: 0 | G58: 0
A59: Tổng số | B59: =SUM(B56:B58) -> 0 | C59: =SUM(C56:C58) -> 0 | D59: =SUM(D56:D58) -> 0 | E59: =SUM(E56:E58) -> 0 | F59: =SUM(F56:F58) -> 0 | G59: =SUM(G56:G58) -> 0
A60: 45624
A61: TopCV | B61: 0 | C61: 0 | D61: 0 | E61: 0 | F61: 0 | G61: 0
A62: Facebook | B62: 0 | C62: 0 | D62: 0 | E62: 0 | F62: 0 | G62: 0
A63: Tiktok | B63: 0 | C63: 0 | D63: 0 | E63: 0 | F63: 0 | G63: 0
A64: Tổng số | B64: =SUM(B61:B63) -> 0 | C64: =SUM(C61:C63) -> 0 | D64: =SUM(D61:D63) -> 0 | E64: =SUM(E61:E63) -> 0 | F64: =SUM(F61:F63) -> 0 | G64: =SUM(G61:G63) -> 0
A65: 45625
A66: TopCV | B66: 0 | C66: 0 | D66: 0 | E66: 0 | F66: 0 | G66: 0
A67: Facebook | B67: 0 | C67: 0 | D67: 0 | E67: 0 | F67: 0 | G67: 0
A68: Tiktok | B68: 0 | C68: 0 | D68: 0 | E68: 0 | F68: 0 | G68: 0
A69: Tổng số | B69: =SUM(B66:B68) -> 0 | C69: =SUM(C66:C68) -> 0 | D69: =SUM(D66:D68) -> 0 | E69: =SUM(E66:E68) -> 0 | F69: =SUM(F66:F68) -> 0 | G69: =SUM(G66:G68) -> 0
A70: 45626
A71: TopCV | B71: 0 | C71: 0 | D71: 0 | E71: 0 | F71: 0 | G71: 0
A72: Facebook | B72: 0 | C72: 0 | D72: 0 | E72: 0 | F72: 0 | G72: 0
A73: Tiktok | B73: 0 | C73: 0 | D73: 0 | E73: 0 | F73: 0 | G73: 0
A74: Tổng số | B74: =SUM(B71:B73) -> 0 | C74: =SUM(C71:C73) -> 0 | D74: =SUM(D71:D73) -> 0 | E74: =SUM(E71:E73) -> 0 | F74: =SUM(F71:F73) -> 0 | G74: =SUM(G71:G73) -> 0
A76: Tổng tháng | B76: =SUM(B9,B14,B19,B24,B29,B34,B39,B44,B49,B54,B59,B64,B69,B74) -> 4 | C76: =SUM(C9,C14,C19,C24,C29,C34,C39,C44,C49,C54,C59,C64,C69,C74) -> 3 | D76: =SUM(D9,D14,D19,D24,D29,D34,D39,D44,D49,D54,D59,D64,D69,D74) -> 0 | E76: =SUM(E9,E14,E19,E24,E29,E34,E39,E44,E49,E54,E59,E64,E69,E74) -> 0 | F76: =SUM(F9,F14,F19,F24,F29,F34,F39,F44,F49,F54,F59,F64,F69,F74) -> 0 | G76: =SUM(G9,G14,G19,G24,G29,G34,G39,G44,G49,G54,G59,G64,G69,G74) -> 0

Sheet T012025 BC TTS 
A2: MẪU BÁO CÁO TUYỂN DỤNG TTS THEO THỜI GIAN THÁNG 11/2024
A4: Nguồn | B4: Số hồ sơ nhận được | C4: Số hồ sơ đạt yêu cầu | D4: Số lượng tham gia PV | E4: Số lượng đạt PV | F4: Số lượng nhận việc | G4: Số lượng làm chính thức
A5: 45600
A6: TopCV | B6: 0 | C6: 0 | D6: 0 | E6: 0 | F6: 0 | G6: 0
A7: Facebook | B7: 0 | C7: 0 | D7: 0 | E7: 0 | F7: 0 | G7: 0
A8: Tiktok | B8: 0 | C8: 0 | D8: 0 | E8: 0 | F8: 0 | G8: 0
A9: Tổng số | B9: =SUM(B6:B8) -> 0 | C9: =SUM(C6:C8) -> 0 | D9: =SUM(D6:D8) -> 0 | E9: =SUM(E6:E8) -> 0 | F9: =SUM(F6:F8) -> 0 | G9: =SUM(G6:G8) -> 0
A10: 45601
A11: TopCV | B11: 0 | C11: 0 | D11: 0 | E11: 0 | F11: 0 | G11: 0
A12: Facebook | B12: 0 | C12: 0 | D12: 0 | E12: 0 | F12: 0 | G12: 0
A13: Tiktok | B13: 0 | C13: 0 | D13: 0 | E13: 0 | F13: 0 | G13: 0
A14: Tổng số | B14: =SUM(B11:B13) -> 0 | C14: =SUM(C11:C13) -> 0 | D14: =SUM(D11:D13) -> 0 | E14: =SUM(E11:E13) -> 0 | F14: =SUM(F11:F13) -> 0 | G14: =SUM(G11:G13) -> 0
A15: 45602
A16: TopCV | B16: 0 | C16: 0 | D16: 0 | E16: 0 | F16: 0 | G16: 0
A17: Facebook | B17: 0 | C17: 0 | D17: 0 | E17: 0 | F17: 0 | G17: 0
A18: Tiktok | B18: 0 | C18: 0 | D18: 0 | E18: 0 | F18: 0 | G18: 0
A19: Tổng số | B19: =SUM(B16:B18) -> 0 | C19: =SUM(C16:C18) -> 0 | D19: =SUM(D16:D18) -> 0 | E19: =SUM(E16:E18) -> 0 | F19: =SUM(F16:F18) -> 0 | G19: =SUM(G16:G18) -> 0
A20: 45607
A21: TopCV | B21: 0 | C21: 0 | D21: 0 | E21: 0 | F21: 0 | G21: 0
A22: Facebook | B22: 0 | C22: 0 | D22: 0 | E22: 0 | F22: 0 | G22: 0
A23: Tiktok | B23: 0 | C23: 0 | D23: 0 | E23: 0 | F23: 0 | G23: 0
A24: Tổng số | B24: =SUM(B21:B23) -> 0 | C24: =SUM(C21:C23) -> 0 | D24: =SUM(D21:D23) -> 0 | E24: =SUM(E21:E23) -> 0 | F24: =SUM(F21:F23) -> 0 | G24: =SUM(G21:G23) -> 0
A25: 45608
A26: TopCV | B26: 0 | C26: 0 | D26: 0 | E26: 0 | F26: 0 | G26: 0
A27: Facebook | B27: 0 | C27: 0 | D27: 0 | E27: 0 | F27: 0 | G27: 0
A28: Tiktok | B28: 0 | C28: 0 | D28: 0 | E28: 0 | F28: 0 | G28: 0
A29: Tổng số | B29: =SUM(B26:B28) -> 0 | C29: =SUM(C26:C28) -> 0 | D29: =SUM(D26:D28) -> 0 | E29: =SUM(E26:E28) -> 0 | F29: =SUM(F26:F28) -> 0 | G29: =SUM(G26:G28) -> 0
A30: 45615
A31: TopCV | B31: 4 | C31: 3 | D31: 0 | E31: 0 | F31: 0 | G31: 0
A32: Facebook | B32: 0 | C32: 0 | D32: 0 | E32: 0 | F32: 0 | G32: 0
A33: Tiktok | B33: 0 | C33: 0 | D33: 0 | E33: 0 | F33: 0 | G33: 0
A34: Tổng số | B34: =SUM(B31:B32) -> 4 | C34: =SUM(C31:C32) -> 3 | D34: =SUM(D31:D32) -> 0 | E34: =SUM(E31:E32) -> 0 | F34: =SUM(F31:F32) -> 0 | G34: =SUM(G31:G32) -> 0
A35: 45616
A36: TopCV | B36: 0 | C36: 0 | D36: 0 | E36: 0 | F36: 0 | G36: 0
A37: Facebook | B37: 0 | C37: 0 | D37: 0 | E37: 0 | F37: 0 | G37: 0
A38: Tiktok | B38: 0 | C38: 0 | D38: 0 | E38: 0 | F38: 0 | G38: 0
A39: Tổng số | B39: =SUM(B36:B38) -> 0 | C39: =SUM(C36:C38) -> 0 | D39: =SUM(D36:D38) -> 0 | E39: =SUM(E36:E38) -> 0 | F39: =SUM(F36:F38) -> 0 | G39: =SUM(G36:G38) -> 0
A40: 45617
A41: TopCV | B41: 0 | C41: 0 | D41: 0 | E41: 0 | F41: 0 | G41: 0
A42: Facebook | B42: 0 | C42: 0 | D42: 0 | E42: 0 | F42: 0 | G42: 0
A43: Tiktok | B43: 0 | C43: 0 | D43: 0 | E43: 0 | F43: 0 | G43: 0
A44: Tổng số | B44: =SUM(B41:B43) -> 0 | C44: =SUM(C41:C43) -> 0 | D44: =SUM(D41:D43) -> 0 | E44: =SUM(E41:E43) -> 0 | F44: =SUM(F41:F43) -> 0 | G44: =SUM(G41:G43) -> 0
A45: 45618
A46: TopCV | B46: 0 | C46: 0 | D46: 0 | E46: 0 | F46: 0 | G46: 0
A47: Facebook | B47: 0 | C47: 0 | D47: 0 | E47: 0 | F47: 0 | G47: 0
A48: Tiktok | B48: 0 | C48: 0 | D48: 0 | E48: 0 | F48: 0 | G48: 0
A49: Tổng số | B49: =SUM(B46:B48) -> 0 | C49: =SUM(C46:C48) -> 0 | D49: =SUM(D46:D48) -> 0 | E49: =SUM(E46:E48) -> 0 | F49: =SUM(F46:F48) -> 0 | G49: =SUM(G46:G48) -> 0
A50: 45622
A51: TopCV | B51: 0 | C51: 0 | D51: 0 | E51: 0 | F51: 0 | G51: 0
A52: Facebook | B52: 0 | C52: 0 | D52: 0 | E52: 0 | F52: 0 | G52: 0
A53: Tiktok | B53: 0 | C53: 0 | D53: 0 | E53: 0 | F53: 0 | G53: 0
A54: Tổng số | B54: =SUM(B51:B53) -> 0 | C54: =SUM(C51:C53) -> 0 | D54: =SUM(D51:D53) -> 0 | E54: =SUM(E51:E53) -> 0 | F54: =SUM(F51:F53) -> 0 | G54: =SUM(G51:G53) -> 0
A55: 45623
A56: TopCV | B56: 0 | C56: 0 | D56: 0 | E56: 0 | F56: 0 | G56: 0
A57: Facebook | B57: 0 | C57: 0 | D57: 0 | E57: 0 | F57: 0 | G57: 0
A58: Tiktok | B58: 0 | C58: 0 | D58: 0 | E58: 0 | F58: 0 | G58: 0
A59: Tổng số | B59: =SUM(B56:B58) -> 0 | C59: =SUM(C56:C58) -> 0 | D59: =SUM(D56:D58) -> 0 | E59: =SUM(E56:E58) -> 0 | F59: =SUM(F56:F58) -> 0 | G59: =SUM(G56:G58) -> 0
A60: 45624
A61: TopCV | B61: 0 | C61: 0 | D61: 0 | E61: 0 | F61: 0 | G61: 0
A62: Facebook | B62: 0 | C62: 0 | D62: 0 | E62: 0 | F62: 0 | G62: 0
A63: Tiktok | B63: 0 | C63: 0 | D63: 0 | E63: 0 | F63: 0 | G63: 0
A64: Tổng số | B64: =SUM(B61:B63) -> 0 | C64: =SUM(C61:C63) -> 0 | D64: =SUM(D61:D63) -> 0 | E64: =SUM(E61:E63) -> 0 | F64: =SUM(F61:F63) -> 0 | G64: =SUM(G61:G63) -> 0
A65: 45625
A66: TopCV | B66: 0 | C66: 0 | D66: 0 | E66: 0 | F66: 0 | G66: 0
A67: Facebook | B67: 0 | C67: 0 | D67: 0 | E67: 0 | F67: 0 | G67: 0
A68: Tiktok | B68: 0 | C68: 0 | D68: 0 | E68: 0 | F68: 0 | G68: 0
A69: Tổng số | B69: =SUM(B66:B68) -> 0 | C69: =SUM(C66:C68) -> 0 | D69: =SUM(D66:D68) -> 0 | E69: =SUM(E66:E68) -> 0 | F69: =SUM(F66:F68) -> 0 | G69: =SUM(G66:G68) -> 0
A70: 45626
A71: TopCV | B71: 0 | C71: 0 | D71: 0 | E71: 0 | F71: 0 | G71: 0
A72: Facebook | B72: 0 | C72: 0 | D72: 0 | E72: 0 | F72: 0 | G72: 0
A73: Tiktok | B73: 0 | C73: 0 | D73: 0 | E73: 0 | F73: 0 | G73: 0
A74: Tổng số | B74: =SUM(B71:B73) -> 0 | C74: =SUM(C71:C73) -> 0 | D74: =SUM(D71:D73) -> 0 | E74: =SUM(E71:E73) -> 0 | F74: =SUM(F71:F73) -> 0 | G74: =SUM(G71:G73) -> 0
A76: Tổng tháng | B76: =SUM(B9,B14,B19,B24,B29,B34,B39,B44,B49,B54,B59,B64,B69,B74) -> 4 | C76: =SUM(C9,C14,C19,C24,C29,C34,C39,C44,C49,C54,C59,C64,C69,C74) -> 3 | D76: =SUM(D9,D14,D19,D24,D29,D34,D39,D44,D49,D54,D59,D64,D69,D74) -> 0 | E76: =SUM(E9,E14,E19,E24,E29,E34,E39,E44,E49,E54,E59,E64,E69,E74) -> 0 | F76: =SUM(F9,F14,F19,F24,F29,F34,F39,F44,F49,F54,F59,F64,F69,F74) -> 0 | G76: =SUM(G9,G14,G19,G24,G29,G34,G39,G44,G49,G54,G59,G64,G69,G74) -> 0

Sheet T122024 BC TTS 
A2: MẪU BÁO CÁO TUYỂN DỤNG TTS THEO THỜI GIAN THÁNG 12/2024
A4: Nguồn | B4: Số hồ sơ nhận được | C4: Số hồ sơ đạt yêu cầu | D4: Số lượng tham gia PV | E4: Số lượng đạt PV | F4: Số lượng nhận việc | G4: Số lượng làm chính thức
A5: 45628
A6: TopCV | B6: 0 | C6: 0 | D6: 0 | E6: 0 | F6: 0 | G6: 0
A7: Facebook | B7: 0 | C7: 0 | D7: 0 | E7: 0 | F7: 0 | G7: 0
A8: Tiktok | B8: 0 | C8: 0 | D8: 0 | E8: 0 | F8: 0 | G8: 0
A9: Tổng số | B9: =SUM(B6:B8) -> 0 | C9: =SUM(C6:C8) -> 0 | D9: =SUM(D6:D8) -> 0 | E9: =SUM(E6:E8) -> 0 | F9: =SUM(F6:F8) -> 0 | G9: =SUM(G6:G8) -> 0
A10: 45629
A11: TopCV | B11: 0 | C11: 0 | D11: 0 | E11: 0 | F11: 0 | G11: 0
A12: Facebook | B12: 0 | C12: 0 | D12: 0 | E12: 0 | F12: 0 | G12: 0
A13: Tiktok | B13: 0 | C13: 0 | D13: 0 | E13: 0 | F13: 0 | G13: 0
A14: Tổng số | B14: =SUM(B11:B13) -> 0 | C14: =SUM(C11:C13) -> 0 | D14: =SUM(D11:D13) -> 0 | E14: =SUM(E11:E13) -> 0 | F14: =SUM(F11:F13) -> 0 | G14: =SUM(G11:G13) -> 0
A15: 45630
A16: TopCV | B16: 0 | C16: 0 | D16: 0 | E16: 0 | F16: 0 | G16: 0
A17: Facebook | B17: 0 | C17: 0 | D17: 0 | E17: 0 | F17: 0 | G17: 0
A18: Tiktok | B18: 0 | C18: 0 | D18: 0 | E18: 0 | F18: 0 | G18: 0
A19: Tổng số | B19: =SUM(B16:B18) -> 0 | C19: =SUM(C16:C18) -> 0 | D19: =SUM(D16:D18) -> 0 | E19: =SUM(E16:E18) -> 0 | F19: =SUM(F16:F18) -> 0 | G19: =SUM(G16:G18) -> 0
A20: 45631
A21: TopCV | B21: 1 | C21: 1 | D21: 0 | E21: 0 | F21: 0 | G21: 0
A22: Facebook | B22: 0 | C22: 0 | D22: 0 | E22: 0 | F22: 0 | G22: 0
A23: Tiktok | B23: 0 | C23: 0 | D23: 0 | E23: 0 | F23: 0 | G23: 0
A24: Tổng số | B24: =SUM(B21:B23) -> 1 | C24: =SUM(C21:C23) -> 1 | D24: =SUM(D21:D23) -> 0 | E24: =SUM(E21:E23) -> 0 | F24: =SUM(F21:F23) -> 0 | G24: =SUM(G21:G23) -> 0
A25: 45632
A26: TopCV | B26: 1 | C26: 0 | D26: 0 | E26: 0 | F26: 0 | G26: 0
A27: Facebook | B27: 0 | C27: 0 | D27: 0 | E27: 0 | F27: 0 | G27: 0
A28: Tiktok | B28: 0 | C28: 0 | D28: 0 | E28: 0 | F28: 0 | G28: 0
A29: Tổng số | B29: =SUM(B26:B28) -> 1 | C29: =SUM(C26:C28) -> 0 | D29: =SUM(D26:D28) -> 0 | E29: =SUM(E26:E28) -> 0 | F29: =SUM(F26:F28) -> 0 | G29: =SUM(G26:G28) -> 0
A30: 45633
A31: TopCV | B31: 0 | C31: 0 | D31: 0 | E31: 0 | F31: 0 | G31: 0
A32: Facebook | B32: 0 | C32: 0 | D32: 0 | E32: 0 | F32: 0 | G32: 0
A33: Tiktok | B33: 0 | C33: 0 | D33: 0 | E33: 0 | F33: 0 | G33: 0
A34: Tổng số | B34: =SUM(B31:B32) -> 0 | C34: =SUM(C31:C32) -> 0 | D34: =SUM(D31:D32) -> 0 | E34: =SUM(E31:E32) -> 0 | F34: =SUM(F31:F32) -> 0 | G34: =SUM(G31:G32) -> 0
A35: 45635
A36: TopCV | B36: 0 | C36: 0 | D36: 0 | E36: 0 | F36: 0 | G36: 0
A37: Facebook | B37: 0 | C37: 0 | D37: 0 | E37: 0 | F37: 0 | G37: 0
A38: Tiktok | B38: 0 | C38: 0 | D38: 0 | E38: 0 | F38: 0 | G38: 0
A39: Tổng số | B39: =SUM(B36:B38) -> 0 | C39: =SUM(C36:C38) -> 0 | D39: =SUM(D36:D38) -> 0 | E39: =SUM(E36:E38) -> 0 | F39: =SUM(F36:F38) -> 0 | G39: =SUM(G36:G38) -> 0
A40: 45636
A41: TopCV | B41: 0 | C41: 0 | D41: 0 | E41: 0 | F41: 0 | G41: 0
A42: Facebook | B42: 0 | C42: 0 | D42: 0 | E42: 0 | F42: 0 | G42: 0
A43: Tiktok | B43: 0 | C43: 0 | D43: 0 | E43: 0 | F43: 0 | G43: 0
A44: Tổng số | B44: =SUM(B41:B43) -> 0 | C44: =SUM(C41:C43) -> 0 | D44: =SUM(D41:D43) -> 0 | E44: =SUM(E41:E43) -> 0 | F44: =SUM(F41:F43) -> 0 | G44: =SUM(G41:G43) -> 0
A45: 45637
A46: TopCV | B46: 1 | C46: 1 | D46: 0 | E46: 0 | F46: 0 | G46: 0
A47: Facebook | B47: 0 | C47: 0 | D47: 0 | E47: 0 | F47: 0 | G47: 0
A48: Tiktok | B48: 0 | C48: 0 | D48: 0 | E48: 0 | F48: 0 | G48: 0
A49: Tổng số | B49: =SUM(B46:B48) -> 1 | C49: =SUM(C46:C48) -> 1 | D49: =SUM(D46:D48) -> 0 | E49: =SUM(E46:E48) -> 0 | F49: =SUM(F46:F48) -> 0 | G49: =SUM(G46:G48) -> 0
A50: 45638
A51: TopCV | B51: 0 | C51: 0 | D51: 0 | E51: 0 | F51: 0 | G51: 0
A52: Facebook | B52: 0 | C52: 0 | D52: 0 | E52: 0 | F52: 0 | G52: 0
A53: Tiktok | B53: 0 | C53: 0 | D53: 0 | E53: 0 | F53: 0 | G53: 0
A54: Tổng số | B54: =SUM(B51:B53) -> 0 | C54: =SUM(C51:C53) -> 0 | D54: =SUM(D51:D53) -> 0 | E54: =SUM(E51:E53) -> 0 | F54: =SUM(F51:F53) -> 0 | G54: =SUM(G51:G53) -> 0
A55: 45639
A56: TopCV | B56: 0 | C56: 0 | D56: 0 | E56: 0 | F56: 0 | G56: 0
A57: Facebook | B57: 0 | C57: 0 | D57: 0 | E57: 0 | F57: 0 | G57: 0
A58: Tiktok | B58: 0 | C58: 0 | D58: 0 | E58: 0 | F58: 0 | G58: 0
A59: Tổng số | B59: =SUM(B56:B58) -> 0 | C59: =SUM(C56:C58) -> 0 | D59: =SUM(D56:D58) -> 0 | E59: =SUM(E56:E58) -> 0 | F59: =SUM(F56:F58) -> 0 | G59: =SUM(G56:G58) -> 0
A60: 45640
A61: TopCV | B61: 0 | C61: 0 | D61: 0 | E61: 0 | F61: 0 | G61: 0
A62: Facebook | B62: 0 | C62: 0 | D62: 0 | E62: 0 | F62: 0 | G62: 0
A63: Tiktok | B63: 0 | C63: 0 | D63: 0 | E63: 0 | F63: 0 | G63: 0
A64: Tổng số | B64: =SUM(B61:B63) -> 0 | C64: =SUM(C61:C63) -> 0 | D64: =SUM(D61:D63) -> 0 | E64: =SUM(E61:E63) -> 0 | F64: =SUM(F61:F63) -> 0 | G64: =SUM(G61:G63) -> 0
A65: 45642
A66: TopCV | B66: 0 | C66: 0 | D66: 0 | E66: 0 | F66: 0 | G66: 0
A67: Facebook | B67: 0 | C67: 0 | D67: 0 | E67: 0 | F67: 0 | G67: 0
A68: Tiktok | B68: 0 | C68: 0 | D68: 0 | E68: 0 | F68: 0 | G68: 0
A69: Tổng số | B69: =SUM(B66:B68) -> 0 | C69: =SUM(C66:C68) -> 0 | D69: =SUM(D66:D68) -> 0 | E69: =SUM(E66:E68) -> 0 | F69: =SUM(F66:F68) -> 0 | G69: =SUM(G66:G68) -> 0
A70: 45643
A71: TopCV | B71: 0 | C71: 0 | D71: 0 | E71: 0 | F71: 0 | G71: 0
A72: Facebook | B72: 0 | C72: 0 | D72: 0 | E72: 0 | F72: 0 | G72: 0
A73: Tiktok | B73: 0 | C73: 0 | D73: 0 | E73: 0 | F73: 0 | G73: 0
A74: Tổng số | B74: =SUM(B71:B73) -> 0 | C74: =SUM(C71:C73) -> 0 | D74: =SUM(D71:D73) -> 0 | E74: =SUM(E71:E73) -> 0 | F74: =SUM(F71:F73) -> 0 | G74: =SUM(G71:G73) -> 0
A75: 45644
A76: TopCV | B76: 0 | C76: 0 | D76: 0 | E76: 0 | F76: 0 | G76: 0
A77: Facebook | B77: 0 | C77: 0 | D77: 0 | E77: 0 | F77: 0 | G77: 0
A78: Tiktok | B78: 0 | C78: 0 | D78: 0 | E78: 0 | F78: 0 | G78: 0
A79: Tổng số | B79: =SUM(B76:B78) -> 0 | C79: =SUM(C76:C78) -> 0 | D79: =SUM(D76:D78) -> 0 | E79: =SUM(E76:E78) -> 0 | F79: =SUM(F76:F78) -> 0 | G79: =SUM(G76:G78) -> 0
A80: 45645
A81: TopCV | B81: 0 | C81: 0 | D81: 0 | E81: 0 | F81: 0 | G81: 0
A82: Facebook | B82: 0 | C82: 0 | D82: 0 | E82: 0 | F82: 0 | G82: 0
A83: Tiktok | B83: 0 | C83: 0 | D83: 0 | E83: 0 | F83: 0 | G83: 0
A84: Tổng số | B84: =SUM(B81:B83) -> 0 | C84: =SUM(C81:C83) -> 0 | D84: =SUM(D81:D83) -> 0 | E84: =SUM(E81:E83) -> 0 | F84: =SUM(F81:F83) -> 0 | G84: =SUM(G81:G83) -> 0
A85: 45646
A86: TopCV | B86: 0 | C86: 0 | D86: 0 | E86: 0 | F86: 0 | G86: 0
A87: Facebook | B87: 0 | C87: 0 | D87: 0 | E87: 0 | F87: 0 | G87: 0
A88: Tiktok | B88: 0 | C88: 0 | D88: 0 | E88: 0 | F88: 0 | G88: 0
A89: Tổng số | B89: =SUM(B86:B88) -> 0 | C89: =SUM(C86:C88) -> 0 | D89: =SUM(D86:D88) -> 0 | E89: =SUM(E86:E88) -> 0 | F89: =SUM(F86:F88) -> 0 | G89: =SUM(G86:G88) -> 0
A90: 45647
A91: TopCV | B91: 0 | C91: 0 | D91: 0 | E91: 0 | F91: 0 | G91: 0
A92: Facebook | B92: 0 | C92: 0 | D92: 0 | E92: 0 | F92: 0 | G92: 0
A93: Tiktok | B93: 0 | C93: 0 | D93: 0 | E93: 0 | F93: 0 | G93: 0
A94: Tổng số | B94: =SUM(B91:B93) -> 0 | C94: =SUM(C91:C93) -> 0 | D94: =SUM(D91:D93) -> 0 | E94: =SUM(E91:E93) -> 0 | F94: =SUM(F91:F93) -> 0 | G94: =SUM(G91:G93) -> 0
A95: 45649
A96: TopCV | B96: 0 | C96: 0 | D96: 0 | E96: 0 | F96: 0 | G96: 0
A97: Facebook | B97: 0 | C97: 0 | D97: 0 | E97: 0 | F97: 0 | G97: 0
A98: Tiktok | B98: 0 | C98: 0 | D98: 0 | E98: 0 | F98: 0 | G98: 0
A99: Tổng số | B99: =SUM(B96:B98) -> 0 | C99: =SUM(C96:C98) -> 0 | D99: =SUM(D96:D98) -> 0 | E99: =SUM(E96:E98) -> 0 | F99: =SUM(F96:F98) -> 0 | G99: =SUM(G96:G98) -> 0
A100: 45650
A101: TopCV | B101: 0 | C101: 0 | D101: 0 | E101: 0 | F101: 0 | G101: 0
A102: Facebook | B102: 0 | C102: 0 | D102: 0 | E102: 0 | F102: 0 | G102: 0
...

Sheet T122024 BC CV
A2: MẪU BÁO CÁO TUYỂN DỤNG CVKD THEO THỜI GIAN THÁNG 12/2024
A4: Nguồn | B4: Số hồ sơ nhận được | C4: Số hồ sơ đạt yêu cầu | D4: Số lượng tham gia PV | E4: Số lượng đạt PV | F4: Số lượng nhận việc | G4: Số lượng làm chính thức
A5: 45628
A6: TopCV | B6: 0 | C6: 0 | D6: 0 | E6: 0 | F6: 0 | G6: 0
A7: Facebook | B7: 0 | C7: 0 | D7: 0 | E7: 0 | F7: 0 | G7: 0
A8: Tiktok | B8: 0 | C8: 0 | D8: 0 | E8: 0 | F8: 0 | G8: 0
A9: Tổng số | B9: =SUM(B6:B8) -> 0 | C9: =SUM(C6:C8) -> 0 | D9: =SUM(D6:D8) -> 0 | E9: =SUM(E6:E8) -> 0 | F9: =SUM(F6:F8) -> 0 | G9: =SUM(G6:G8) -> 0
A10: 45629
A11: TopCV | B11: 0 | C11: 0 | D11: 0 | E11: 0 | F11: 0 | G11: 0
A12: Facebook | B12: 0 | C12: 0 | D12: 0 | E12: 0 | F12: 0 | G12: 0
A13: Tiktok | B13: 0 | C13: 0 | D13: 0 | E13: 0 | F13: 0 | G13: 0
A14: Tổng số | B14: =SUM(B11:B13) -> 0 | C14: =SUM(C11:C13) -> 0 | D14: =SUM(D11:D13) -> 0 | E14: =SUM(E11:E13) -> 0 | F14: =SUM(F11:F13) -> 0 | G14: =SUM(G11:G13) -> 0
A15: 45630
A16: TopCV | B16: 0 | C16: 0 | D16: 0 | E16: 0 | F16: 0 | G16: 0
A17: Facebook | B17: 0 | C17: 0 | D17: 0 | E17: 0 | F17: 0 | G17: 0
A18: Tiktok | B18: 0 | C18: 0 | D18: 0 | E18: 0 | F18: 0 | G18: 0
A19: Tổng số | B19: =SUM(B16:B18) -> 0 | C19: =SUM(C16:C18) -> 0 | D19: =SUM(D16:D18) -> 0 | E19: =SUM(E16:E18) -> 0 | F19: =SUM(F16:F18) -> 0 | G19: =SUM(G16:G18) -> 0
A20: 45631
A21: TopCV | B21: 1 | C21: 0 | D21: 0 | E21: 0 | F21: 0 | G21: 0
A22: Facebook | B22: 0 | C22: 0 | D22: 0 | E22: 0 | F22: 0 | G22: 0
A23: Tiktok | B23: 0 | C23: 0 | D23: 0 | E23: 0 | F23: 0 | G23: 0
A24: Tổng số | B24: =SUM(B21:B23) -> 1 | C24: =SUM(C21:C23) -> 0 | D24: =SUM(D21:D23) -> 0 | E24: =SUM(E21:E23) -> 0 | F24: =SUM(F21:F23) -> 0 | G24: =SUM(G21:G23) -> 0
A25: 45632
A26: TopCV | B26: 0 | C26: 0 | D26: 0 | E26: 0 | F26: 0 | G26: 0
A27: Facebook | B27: 0 | C27: 0 | D27: 0 | E27: 0 | F27: 0 | G27: 0
A28: Tiktok | B28: 0 | C28: 0 | D28: 0 | E28: 0 | F28: 0 | G28: 0
A29: Tổng số | B29: =SUM(B26:B28) -> 0 | C29: =SUM(C26:C28) -> 0 | D29: =SUM(D26:D28) -> 0 | E29: =SUM(E26:E28) -> 0 | F29: =SUM(F26:F28) -> 0 | G29: =SUM(G26:G28) -> 0
A30: 45633
A31: TopCV | B31: 0 | C31: 0 | D31: 0 | E31: 0 | F31: 0 | G31: 0
A32: Facebook | B32: 0 | C32: 0 | D32: 0 | E32: 0 | F32: 0 | G32: 0
A33: Tiktok | B33: 0 | C33: 0 | D33: 0 | E33: 0 | F33: 0 | G33: 0
A34: Tổng số | B34: =SUM(B31:B32) -> 0 | C34: =SUM(C31:C32) -> 0 | D34: =SUM(D31:D32) -> 0 | E34: =SUM(E31:E32) -> 0 | F34: =SUM(F31:F32) -> 0 | G34: =SUM(G31:G32) -> 0
A35: 45635
A36: TopCV | B36: 1 | C36: 0 | D36: 0 | E36: 0 | F36: 0 | G36: 0
A37: Facebook | B37: 0 | C37: 0 | D37: 0 | E37: 0 | F37: 0 | G37: 0
A38: Tiktok | B38: 0 | C38: 0 | D38: 0 | E38: 0 | F38: 0 | G38: 0
A39: Tổng số | B39: =SUM(B36:B38) -> 1 | C39: =SUM(C36:C38) -> 0 | D39: =SUM(D36:D38) -> 0 | E39: =SUM(E36:E38) -> 0 | F39: =SUM(F36:F38) -> 0 | G39: =SUM(G36:G38) -> 0
A40: 45636
A41: TopCV | B41: 0 | C41: 0 | D41: 0 | E41: 0 | F41: 0 | G41: 0
A42: Facebook | B42: 0 | C42: 0 | D42: 0 | E42: 0 | F42: 0 | G42: 0
A43: Tiktok | B43: 0 | C43: 0 | D43: 0 | E43: 0 | F43: 0 | G43: 0
A44: Tổng số | B44: =SUM(B41:B43) -> 0 | C44: =SUM(C41:C43) -> 0 | D44: =SUM(D41:D43) -> 0 | E44: =SUM(E41:E43) -> 0 | F44: =SUM(F41:F43) -> 0 | G44: =SUM(G41:G43) -> 0
A45: 45637
A46: TopCV | B46: 0 | C46: 0 | D46: 0 | E46: 0 | F46: 0 | G46: 0
A47: Facebook | B47: 0 | C47: 0 | D47: 0 | E47: 0 | F47: 0 | G47: 0
A48: Tiktok | B48: 0 | C48: 0 | D48: 0 | E48: 0 | F48: 0 | G48: 0
A49: Tổng số | B49: =SUM(B46:B48) -> 0 | C49: =SUM(C46:C48) -> 0 | D49: =SUM(D46:D48) -> 0 | E49: =SUM(E46:E48) -> 0 | F49: =SUM(F46:F48) -> 0 | G49: =SUM(G46:G48) -> 0
A50: 45638
A51: TopCV | B51: 0 | C51: 0 | D51: 0 | E51: 0 | F51: 0 | G51: 0
A52: Facebook | B52: 0 | C52: 0 | D52: 0 | E52: 0 | F52: 0 | G52: 0
A53: Tiktok | B53: 0 | C53: 0 | D53: 0 | E53: 0 | F53: 0 | G53: 0
A54: Tổng số | B54: =SUM(B51:B53) -> 0 | C54: =SUM(C51:C53) -> 0 | D54: =SUM(D51:D53) -> 0 | E54: =SUM(E51:E53) -> 0 | F54: =SUM(F51:F53) -> 0 | G54: =SUM(G51:G53) -> 0
A55: 45639
A56: TopCV | B56: 0 | C56: 0 | D56: 0 | E56: 0 | F56: 0 | G56: 0
A57: Facebook | B57: 0 | C57: 0 | D57: 0 | E57: 0 | F57: 0 | G57: 0
A58: Tiktok | B58: 1 | C58: 0 | D58: 0 | E58: 0 | F58: 0 | G58: 0
A59: Tổng số | B59: =SUM(B56:B58) -> 1 | C59: =SUM(C56:C58) -> 0 | D59: =SUM(D56:D58) -> 0 | E59: =SUM(E56:E58) -> 0 | F59: =SUM(F56:F58) -> 0 | G59: =SUM(G56:G58) -> 0
A60: 45640
A61: TopCV | B61: 0 | C61: 0 | D61: 0 | E61: 0 | F61: 0 | G61: 0
A62: Facebook | B62: 0 | C62: 0 | D62: 0 | E62: 0 | F62: 0 | G62: 0
A63: Tiktok | B63: 0 | C63: 0 | D63: 0 | E63: 0 | F63: 0 | G63: 0
A64: Tổng số | B64: =SUM(B61:B63) -> 0 | C64: =SUM(C61:C63) -> 0 | D64: =SUM(D61:D63) -> 0 | E64: =SUM(E61:E63) -> 0 | F64: =SUM(F61:F63) -> 0 | G64: =SUM(G61:G63) -> 0
A65: 45642
A66: TopCV | B66: 0 | C66: 0 | D66: 0 | E66: 0 | F66: 0 | G66: 0
A67: Facebook | B67: 0 | C67: 0 | D67: 0 | E67: 0 | F67: 0 | G67: 0
A68: Tiktok | B68: 0 | C68: 0 | D68: 0 | E68: 0 | F68: 0 | G68: 0
A69: Tổng số | B69: =SUM(B66:B68) -> 0 | C69: =SUM(C66:C68) -> 0 | D69: =SUM(D66:D68) -> 0 | E69: =SUM(E66:E68) -> 0 | F69: =SUM(F66:F68) -> 0 | G69: =SUM(G66:G68) -> 0
A70: 45643
A71: TopCV | B71: 0 | C71: 0 | D71: 0 | E71: 0 | F71: 0 | G71: 0
A72: Facebook | B72: 0 | C72: 0 | D72: 0 | E72: 0 | F72: 0 | G72: 0
A73: Tiktok | B73: 0 | C73: 0 | D73: 0 | E73: 0 | F73: 0 | G73: 0
A74: Tổng số | B74: =SUM(B71:B73) -> 0 | C74: =SUM(C71:C73) -> 0 | D74: =SUM(D71:D73) -> 0 | E74: =SUM(E71:E73) -> 0 | F74: =SUM(F71:F73) -> 0 | G74: =SUM(G71:G73) -> 0
A75: 45644
A76: TopCV | B76: 0 | C76: 0 | D76: 0 | E76: 0 | F76: 0 | G76: 0
A77: Facebook | B77: 0 | C77: 0 | D77: 0 | E77: 0 | F77: 0 | G77: 0
A78: Tiktok | B78: 0 | C78: 0 | D78: 0 | E78: 0 | F78: 0 | G78: 0
A79: Tổng số | B79: =SUM(B76:B78) -> 0 | C79: =SUM(C76:C78) -> 0 | D79: =SUM(D76:D78) -> 0 | E79: =SUM(E76:E78) -> 0 | F79: =SUM(F76:F78) -> 0 | G79: =SUM(G76:G78) -> 0
A80: 45645
A81: TopCV | B81: 0 | C81: 0 | D81: 0 | E81: 0 | F81: 0 | G81: 0
A82: Facebook | B82: 0 | C82: 0 | D82: 0 | E82: 0 | F82: 0 | G82: 0
A83: Tiktok | B83: 0 | C83: 0 | D83: 0 | E83: 0 | F83: 0 | G83: 0
A84: Tổng số | B84: =SUM(B81:B83) -> 0 | C84: =SUM(C81:C83) -> 0 | D84: =SUM(D81:D83) -> 0 | E84: =SUM(E81:E83) -> 0 | F84: =SUM(F81:F83) -> 0 | G84: =SUM(G81:G83) -> 0
A85: 45646
A86: TopCV | B86: 0 | C86: 0 | D86: 0 | E86: 0 | F86: 0 | G86: 0
A87: Facebook | B87: 0 | C87: 0 | D87: 0 | E87: 0 | F87: 0 | G87: 0
A88: Tiktok | B88: 0 | C88: 0 | D88: 0 | E88: 0 | F88: 0 | G88: 0
A89: Tổng số | B89: =SUM(B86:B88) -> 0 | C89: =SUM(C86:C88) -> 0 | D89: =SUM(D86:D88) -> 0 | E89: =SUM(E86:E88) -> 0 | F89: =SUM(F86:F88) -> 0 | G89: =SUM(G86:G88) -> 0
A90: 45647
A91: TopCV | B91: 0 | C91: 0 | D91: 0 | E91: 0 | F91: 0 | G91: 0
A92: Facebook | B92: 0 | C92: 0 | D92: 0 | E92: 0 | F92: 0 | G92: 0
A93: Tiktok | B93: 0 | C93: 0 | D93: 0 | E93: 0 | F93: 0 | G93: 0
A94: Tổng số | B94: =SUM(B91:B93) -> 0 | C94: =SUM(C91:C93) -> 0 | D94: =SUM(D91:D93) -> 0 | E94: =SUM(E91:E93) -> 0 | F94: =SUM(F91:F93) -> 0 | G94: =SUM(G91:G93) -> 0
A95: 45649
A96: TopCV | B96: 0 | C96: 0 | D96: 0 | E96: 0 | F96: 0 | G96: 0
A97: Facebook | B97: 0 | C97: 0 | D97: 0 | E97: 0 | F97: 0 | G97: 0
A98: Tiktok | B98: 0 | C98: 0 | D98: 0 | E98: 0 | F98: 0 | G98: 0
A99: Tổng số | B99: =SUM(B96:B98) -> 0 | C99: =SUM(C96:C98) -> 0 | D99: =SUM(D96:D98) -> 0 | E99: =SUM(E96:E98) -> 0 | F99: =SUM(F96:F98) -> 0 | G99: =SUM(G96:G98) -> 0
A100: 45650
A101: TopCV | B101: 0 | C101: 0 | D101: 0 | E101: 0 | F101: 0 | G101: 0
A102: Facebook | B102: 0 | C102: 0 | D102: 0 | E102: 0 | F102: 0 | G102: 0
...

Sheet T112024 BC CV 
A2: MẪU BÁO CÁO TUYỂN DỤNG CVKD THEO THỜI GIAN THÁNG 11/2024
A4: Nguồn | B4: Số hồ sơ nhận được | C4: Số hồ sơ đạt yêu cầu | D4: Số lượng tham gia PV | E4: Số lượng đạt PV | F4: Số lượng nhận việc | G4: Số lượng làm chính thức
A5: 45600
A6: TopCV | B6: 0 | C6: 0 | D6: 0 | E6: 0 | F6: 0 | G6: 0
A7: Facebook | B7: 0 | C7: 0 | D7: 0 | E7: 0 | F7: 0 | G7: 0
A8: Tiktok | B8: 0 | C8: 0 | D8: 0 | E8: 0 | F8: 0 | G8: 0
A9: Tổng số | B9: =SUM(B6:B8) -> 0 | C9: =SUM(C6:C8) -> 0 | D9: =SUM(D6:D8) -> 0 | E9: =SUM(E6:E8) -> 0 | F9: =SUM(F6:F8) -> 0 | G9: =SUM(G6:G8) -> 0
A10: 45601
A11: TopCV | B11: 0 | C11: 0 | D11: 0 | E11: 0 | F11: 0 | G11: 0
A12: Facebook | B12: 0 | C12: 0 | D12: 0 | E12: 0 | F12: 0 | G12: 0
A13: Tiktok | B13: 0 | C13: 0 | D13: 0 | E13: 0 | F13: 0 | G13: 0
A14: Tổng số | B14: =SUM(B11:B13) -> 0 | C14: =SUM(C11:C13) -> 0 | D14: =SUM(D11:D13) -> 0 | E14: =SUM(E11:E13) -> 0 | F14: =SUM(F11:F13) -> 0 | G14: =SUM(G11:G13) -> 0
A15: 45602
A16: TopCV | B16: 0 | C16: 0 | D16: 0 | E16: 0 | F16: 0 | G16: 0
A17: Facebook | B17: 0 | C17: 0 | D17: 0 | E17: 0 | F17: 0 | G17: 0
A18: Tiktok | B18: 0 | C18: 0 | D18: 0 | E18: 0 | F18: 0 | G18: 0
A19: Tổng số | B19: =SUM(B16:B18) -> 0 | C19: =SUM(C16:C18) -> 0 | D19: =SUM(D16:D18) -> 0 | E19: =SUM(E16:E18) -> 0 | F19: =SUM(F16:F18) -> 0 | G19: =SUM(G16:G18) -> 0
A20: 45607
A21: TopCV | B21: 0 | C21: 0 | D21: 0 | E21: 0 | F21: 0 | G21: 0
A22: Facebook | B22: 0 | C22: 0 | D22: 0 | E22: 0 | F22: 0 | G22: 0
A23: Tiktok | B23: 0 | C23: 0 | D23: 0 | E23: 0 | F23: 0 | G23: 0
A24: Tổng số | B24: =SUM(B21:B23) -> 0 | C24: =SUM(C21:C23) -> 0 | D24: =SUM(D21:D23) -> 0 | E24: =SUM(E21:E23) -> 0 | F24: =SUM(F21:F23) -> 0 | G24: =SUM(G21:G23) -> 0
A25: 45608
A26: TopCV | B26: 0 | C26: 0 | D26: 0 | E26: 0 | F26: 0 | G26: 0
A27: Facebook | B27: 0 | C27: 0 | D27: 0 | E27: 0 | F27: 0 | G27: 0
A28: Tiktok | B28: 0 | C28: 0 | D28: 0 | E28: 0 | F28: 0 | G28: 0
A29: Tổng số | B29: =SUM(B26:B28) -> 0 | C29: =SUM(C26:C28) -> 0 | D29: =SUM(D26:D28) -> 0 | E29: =SUM(E26:E28) -> 0 | F29: =SUM(F26:F28) -> 0 | G29: =SUM(G26:G28) -> 0
A30: 45615
A31: TopCV | B31: 1 | C31: 0 | D31: 0 | E31: 0 | F31: 0 | G31: 0
A32: Facebook | B32: 0 | C32: 0 | D32: 0 | E32: 0 | F32: 0 | G32: 0
A33: Tiktok | B33: 0 | C33: 0 | D33: 0 | E33: 0 | F33: 0 | G33: 0
A34: Tổng số | B34: =SUM(B31:B32) -> 1 | C34: =SUM(C31:C32) -> 0 | D34: =SUM(D31:D32) -> 0 | E34: =SUM(E31:E32) -> 0 | F34: =SUM(F31:F32) -> 0 | G34: =SUM(G31:G32) -> 0
A35: 45616
A36: TopCV | B36: 0 | C36: 0 | D36: 0 | E36: 0 | F36: 0 | G36: 0
A37: Facebook | B37: 0 | C37: 0 | D37: 0 | E37: 0 | F37: 0 | G37: 0
A38: Tiktok | B38: 0 | C38: 0 | D38: 0 | E38: 0 | F38: 0 | G38: 0
A39: Tổng số | B39: =SUM(B36:B38) -> 0 | C39: =SUM(C36:C38) -> 0 | D39: =SUM(D36:D38) -> 0 | E39: =SUM(E36:E38) -> 0 | F39: =SUM(F36:F38) -> 0 | G39: =SUM(G36:G38) -> 0
A40: 45617
A41: TopCV | B41: 0 | C41: 0 | D41: 0 | E41: 0 | F41: 0 | G41: 0
A42: Facebook | B42: 1 | C42: 1 | D42: 0 | E42: 0 | F42: 0 | G42: 0
A43: Tiktok | B43: 0 | C43: 0 | D43: 0 | E43: 0 | F43: 0 | G43: 0
A44: Tổng số | B44: =SUM(B41:B43) -> 1 | C44: =SUM(C41:C43) -> 1 | D44: =SUM(D41:D43) -> 0 | E44: =SUM(E41:E43) -> 0 | F44: =SUM(F41:F43) -> 0 | G44: =SUM(G41:G43) -> 0
A45: 45618
A46: TopCV | B46: 0 | C46: 0 | D46: 0 | E46: 0 | F46: 0 | G46: 0
A47: Facebook | B47: 0 | C47: 0 | D47: 0 | E47: 0 | F47: 0 | G47: 0
A48: Tiktok | B48: 0 | C48: 0 | D48: 0 | E48: 0 | F48: 0 | G48: 0
A49: Tổng số | B49: =SUM(B46:B48) -> 0 | C49: =SUM(C46:C48) -> 0 | D49: =SUM(D46:D48) -> 0 | E49: =SUM(E46:E48) -> 0 | F49: =SUM(F46:F48) -> 0 | G49: =SUM(G46:G48) -> 0
A50: 45622
A51: TopCV | B51: 0 | C51: 0 | D51: 0 | E51: 0 | F51: 0 | G51: 0
A52: Facebook | B52: 0 | C52: 0 | D52: 0 | E52: 0 | F52: 0 | G52: 0
A53: Tiktok | B53: 0 | C53: 0 | D53: 0 | E53: 0 | F53: 0 | G53: 0
A54: Tổng số | B54: =SUM(B51:B53) -> 0 | C54: =SUM(C51:C53) -> 0 | D54: =SUM(D51:D53) -> 0 | E54: =SUM(E51:E53) -> 0 | F54: =SUM(F51:F53) -> 0 | G54: =SUM(G51:G53) -> 0
A55: 45623
A56: TopCV | B56: 0 | C56: 0 | D56: 0 | E56: 0 | F56: 0 | G56: 0
A57: Facebook | B57: 0 | C57: 0 | D57: 0 | E57: 0 | F57: 0 | G57: 0
A58: Tiktok | B58: 0 | C58: 0 | D58: 0 | E58: 0 | F58: 0 | G58: 0
A59: Tổng số | B59: =SUM(B56:B58) -> 0 | C59: =SUM(C56:C58) -> 0 | D59: =SUM(D56:D58) -> 0 | E59: =SUM(E56:E58) -> 0 | F59: =SUM(F56:F58) -> 0 | G59: =SUM(G56:G58) -> 0
A60: 45624
A61: TopCV | B61: 0 | C61: 0 | D61: 0 | E61: 0 | F61: 0 | G61: 0
A62: Facebook | B62: 0 | C62: 0 | D62: 0 | E62: 0 | F62: 0 | G62: 0
A63: Tiktok | B63: 0 | C63: 0 | D63: 0 | E63: 0 | F63: 0 | G63: 0
A64: Tổng số | B64: =SUM(B61:B63) -> 0 | C64: =SUM(C61:C63) -> 0 | D64: =SUM(D61:D63) -> 0 | E64: =SUM(E61:E63) -> 0 | F64: =SUM(F61:F63) -> 0 | G64: =SUM(G61:G63) -> 0
A65: 45625
A66: TopCV | B66: 0 | C66: 0 | D66: 0 | E66: 0 | F66: 0 | G66: 0
A67: Facebook | B67: 0 | C67: 0 | D67: 0 | E67: 0 | F67: 0 | G67: 0
A68: Tiktok | B68: 0 | C68: 0 | D68: 0 | E68: 0 | F68: 0 | G68: 0
A69: Tổng số | B69: =SUM(B66:B68) -> 0 | C69: =SUM(C66:C68) -> 0 | D69: =SUM(D66:D68) -> 0 | E69: =SUM(E66:E68) -> 0 | F69: =SUM(F66:F68) -> 0 | G69: =SUM(G66:G68) -> 0
A70: 45626
A71: TopCV | B71: 0 | C71: 0 | D71: 0 | E71: 0 | F71: 0 | G71: 0
A72: Facebook | B72: 0 | C72: 0 | D72: 0 | E72: 0 | F72: 0 | G72: 0
A73: Tiktok | B73: 0 | C73: 0 | D73: 0 | E73: 0 | F73: 0 | G73: 0
A74: Tổng số | B74: =SUM(B71:B73) -> 0 | C74: =SUM(C71:C73) -> 0 | D74: =SUM(D71:D73) -> 0 | E74: =SUM(E71:E73) -> 0 | F74: =SUM(F71:F73) -> 0 | G74: =SUM(G71:G73) -> 0
A76: Tổng tháng | B76: =SUM(B9,B14,B19,B24,B29,B34,B39,B44,B49,B54,B59,B64,B69,B74) -> 2 | C76: =SUM(C9,C14,C19,C24,C29,C34,C39,C44,C49,C54,C59,C64,C69,C74) -> 1 | D76: =SUM(D9,D14,D19,D24,D29,D34,D39,D44,D49,D54,D59,D64,D69,D74) -> 0 | E76: =SUM(E9,E14,E19,E24,E29,E34,E39,E44,E49,E54,E59,E64,E69,E74) -> 0 | F76: =SUM(F9,F14,F19,F24,F29,F34,F39,F44,F49,F54,F59,F64,F69,F74) -> 0 | G76: =SUM(G9,G14,G19,G24,G29,G34,G39,G44,G49,G54,G59,G64,G69,G74) -> 0

Sheet T012025 BC CV 
A2: MẪU BÁO CÁO TUYỂN DỤNG CVKD THEO THỜI GIAN THÁNG 11/2024
A4: Nguồn | B4: Số hồ sơ nhận được | C4: Số hồ sơ đạt yêu cầu | D4: Số lượng tham gia PV | E4: Số lượng đạt PV | F4: Số lượng nhận việc | G4: Số lượng làm chính thức
A5: 45600
A6: TopCV | B6: 0 | C6: 0 | D6: 0 | E6: 0 | F6: 0 | G6: 0
A7: Facebook | B7: 0 | C7: 0 | D7: 0 | E7: 0 | F7: 0 | G7: 0
A8: Tiktok | B8: 0 | C8: 0 | D8: 0 | E8: 0 | F8: 0 | G8: 0
A9: Tổng số | B9: =SUM(B6:B8) -> 0 | C9: =SUM(C6:C8) -> 0 | D9: =SUM(D6:D8) -> 0 | E9: =SUM(E6:E8) -> 0 | F9: =SUM(F6:F8) -> 0 | G9: =SUM(G6:G8) -> 0
A10: 45601
A11: TopCV | B11: 0 | C11: 0 | D11: 0 | E11: 0 | F11: 0 | G11: 0
A12: Facebook | B12: 0 | C12: 0 | D12: 0 | E12: 0 | F12: 0 | G12: 0
A13: Tiktok | B13: 0 | C13: 0 | D13: 0 | E13: 0 | F13: 0 | G13: 0
A14: Tổng số | B14: =SUM(B11:B13) -> 0 | C14: =SUM(C11:C13) -> 0 | D14: =SUM(D11:D13) -> 0 | E14: =SUM(E11:E13) -> 0 | F14: =SUM(F11:F13) -> 0 | G14: =SUM(G11:G13) -> 0
A15: 45602
A16: TopCV | B16: 0 | C16: 0 | D16: 0 | E16: 0 | F16: 0 | G16: 0
A17: Facebook | B17: 0 | C17: 0 | D17: 0 | E17: 0 | F17: 0 | G17: 0
A18: Tiktok | B18: 0 | C18: 0 | D18: 0 | E18: 0 | F18: 0 | G18: 0
A19: Tổng số | B19: =SUM(B16:B18) -> 0 | C19: =SUM(C16:C18) -> 0 | D19: =SUM(D16:D18) -> 0 | E19: =SUM(E16:E18) -> 0 | F19: =SUM(F16:F18) -> 0 | G19: =SUM(G16:G18) -> 0
A20: 45607
A21: TopCV | B21: 0 | C21: 0 | D21: 0 | E21: 0 | F21: 0 | G21: 0
A22: Facebook | B22: 0 | C22: 0 | D22: 0 | E22: 0 | F22: 0 | G22: 0
A23: Tiktok | B23: 0 | C23: 0 | D23: 0 | E23: 0 | F23: 0 | G23: 0
A24: Tổng số | B24: =SUM(B21:B23) -> 0 | C24: =SUM(C21:C23) -> 0 | D24: =SUM(D21:D23) -> 0 | E24: =SUM(E21:E23) -> 0 | F24: =SUM(F21:F23) -> 0 | G24: =SUM(G21:G23) -> 0
A25: 45608
A26: TopCV | B26: 0 | C26: 0 | D26: 0 | E26: 0 | F26: 0 | G26: 0
A27: Facebook | B27: 0 | C27: 0 | D27: 0 | E27: 0 | F27: 0 | G27: 0
A28: Tiktok | B28: 0 | C28: 0 | D28: 0 | E28: 0 | F28: 0 | G28: 0
A29: Tổng số | B29: =SUM(B26:B28) -> 0 | C29: =SUM(C26:C28) -> 0 | D29: =SUM(D26:D28) -> 0 | E29: =SUM(E26:E28) -> 0 | F29: =SUM(F26:F28) -> 0 | G29: =SUM(G26:G28) -> 0
A30: 45615
A31: TopCV | B31: 4 | C31: 3 | D31: 0 | E31: 0 | F31: 0 | G31: 0
A32: Facebook | B32: 0 | C32: 0 | D32: 0 | E32: 0 | F32: 0 | G32: 0
A33: Tiktok | B33: 0 | C33: 0 | D33: 0 | E33: 0 | F33: 0 | G33: 0
A34: Tổng số | B34: =SUM(B31:B32) -> 4 | C34: =SUM(C31:C32) -> 3 | D34: =SUM(D31:D32) -> 0 | E34: =SUM(E31:E32) -> 0 | F34: =SUM(F31:F32) -> 0 | G34: =SUM(G31:G32) -> 0
A35: 45616
A36: TopCV | B36: 0 | C36: 0 | D36: 0 | E36: 0 | F36: 0 | G36: 0
A37: Facebook | B37: 0 | C37: 0 | D37: 0 | E37: 0 | F37: 0 | G37: 0
A38: Tiktok | B38: 0 | C38: 0 | D38: 0 | E38: 0 | F38: 0 | G38: 0
A39: Tổng số | B39: =SUM(B36:B38) -> 0 | C39: =SUM(C36:C38) -> 0 | D39: =SUM(D36:D38) -> 0 | E39: =SUM(E36:E38) -> 0 | F39: =SUM(F36:F38) -> 0 | G39: =SUM(G36:G38) -> 0
A40: 45617
A41: TopCV | B41: 0 | C41: 0 | D41: 0 | E41: 0 | F41: 0 | G41: 0
A42: Facebook | B42: 0 | C42: 0 | D42: 0 | E42: 0 | F42: 0 | G42: 0
A43: Tiktok | B43: 0 | C43: 0 | D43: 0 | E43: 0 | F43: 0 | G43: 0
A44: Tổng số | B44: =SUM(B41:B43) -> 0 | C44: =SUM(C41:C43) -> 0 | D44: =SUM(D41:D43) -> 0 | E44: =SUM(E41:E43) -> 0 | F44: =SUM(F41:F43) -> 0 | G44: =SUM(G41:G43) -> 0
A45: 45618
A46: TopCV | B46: 0 | C46: 0 | D46: 0 | E46: 0 | F46: 0 | G46: 0
A47: Facebook | B47: 0 | C47: 0 | D47: 0 | E47: 0 | F47: 0 | G47: 0
A48: Tiktok | B48: 0 | C48: 0 | D48: 0 | E48: 0 | F48: 0 | G48: 0
A49: Tổng số | B49: =SUM(B46:B48) -> 0 | C49: =SUM(C46:C48) -> 0 | D49: =SUM(D46:D48) -> 0 | E49: =SUM(E46:E48) -> 0 | F49: =SUM(F46:F48) -> 0 | G49: =SUM(G46:G48) -> 0
A50: 45622
A51: TopCV | B51: 0 | C51: 0 | D51: 0 | E51: 0 | F51: 0 | G51: 0
A52: Facebook | B52: 0 | C52: 0 | D52: 0 | E52: 0 | F52: 0 | G52: 0
A53: Tiktok | B53: 0 | C53: 0 | D53: 0 | E53: 0 | F53: 0 | G53: 0
A54: Tổng số | B54: =SUM(B51:B53) -> 0 | C54: =SUM(C51:C53) -> 0 | D54: =SUM(D51:D53) -> 0 | E54: =SUM(E51:E53) -> 0 | F54: =SUM(F51:F53) -> 0 | G54: =SUM(G51:G53) -> 0
A55: 45623
A56: TopCV | B56: 0 | C56: 0 | D56: 0 | E56: 0 | F56: 0 | G56: 0
A57: Facebook | B57: 0 | C57: 0 | D57: 0 | E57: 0 | F57: 0 | G57: 0
A58: Tiktok | B58: 0 | C58: 0 | D58: 0 | E58: 0 | F58: 0 | G58: 0
A59: Tổng số | B59: =SUM(B56:B58) -> 0 | C59: =SUM(C56:C58) -> 0 | D59: =SUM(D56:D58) -> 0 | E59: =SUM(E56:E58) -> 0 | F59: =SUM(F56:F58) -> 0 | G59: =SUM(G56:G58) -> 0
A60: 45624
A61: TopCV | B61: 0 | C61: 0 | D61: 0 | E61: 0 | F61: 0 | G61: 0
A62: Facebook | B62: 0 | C62: 0 | D62: 0 | E62: 0 | F62: 0 | G62: 0
A63: Tiktok | B63: 0 | C63: 0 | D63: 0 | E63: 0 | F63: 0 | G63: 0
A64: Tổng số | B64: =SUM(B61:B63) -> 0 | C64: =SUM(C61:C63) -> 0 | D64: =SUM(D61:D63) -> 0 | E64: =SUM(E61:E63) -> 0 | F64: =SUM(F61:F63) -> 0 | G64: =SUM(G61:G63) -> 0
A65: 45625
A66: TopCV | B66: 0 | C66: 0 | D66: 0 | E66: 0 | F66: 0 | G66: 0
A67: Facebook | B67: 0 | C67: 0 | D67: 0 | E67: 0 | F67: 0 | G67: 0
A68: Tiktok | B68: 0 | C68: 0 | D68: 0 | E68: 0 | F68: 0 | G68: 0
A69: Tổng số | B69: =SUM(B66:B68) -> 0 | C69: =SUM(C66:C68) -> 0 | D69: =SUM(D66:D68) -> 0 | E69: =SUM(E66:E68) -> 0 | F69: =SUM(F66:F68) -> 0 | G69: =SUM(G66:G68) -> 0
A70: 45626
A71: TopCV | B71: 0 | C71: 0 | D71: 0 | E71: 0 | F71: 0 | G71: 0
A72: Facebook | B72: 0 | C72: 0 | D72: 0 | E72: 0 | F72: 0 | G72: 0
A73: Tiktok | B73: 0 | C73: 0 | D73: 0 | E73: 0 | F73: 0 | G73: 0
A74: Tổng số | B74: =SUM(B71:B73) -> 0 | C74: =SUM(C71:C73) -> 0 | D74: =SUM(D71:D73) -> 0 | E74: =SUM(E71:E73) -> 0 | F74: =SUM(F71:F73) -> 0 | G74: =SUM(G71:G73) -> 0
A76: Tổng tháng | B76: =SUM(B9,B14,B19,B24,B29,B34,B39,B44,B49,B54,B59,B64,B69,B74) -> 4 | C76: =SUM(C9,C14,C19,C24,C29,C34,C39,C44,C49,C54,C59,C64,C69,C74) -> 3 | D76: =SUM(D9,D14,D19,D24,D29,D34,D39,D44,D49,D54,D59,D64,D69,D74) -> 0 | E76: =SUM(E9,E14,E19,E24,E29,E34,E39,E44,E49,E54,E59,E64,E69,E74) -> 0 | F76: =SUM(F9,F14,F19,F24,F29,F34,F39,F44,F49,F54,F59,F64,F69,F74) -> 0 | G76: =SUM(G9,G14,G19,G24,G29,G34,G39,G44,G49,G54,G59,G64,G69,G74) -> 0
